uf,ano,declarantes,municipios_com_info,obrigados_sem_info,populacao,pop_com_ponto,municipios,municipios_com_ponto,obrigados,obrigados_com_ponto,obrigados_cumprem,deficit_pontos,fonte_massa,pct_municipios_com_info,pct_pop_coberta,pct_obrigados_com_ponto,pontos_100k,kg_hab,pontos,municipios_atendidos,toneladas,entidades,pontos_exigidos,cobertura_nominal,deficit_nominal
AC,2019,0,0,2,830018,0,22,0,2,0,0,0.0,sem dado,0.0,0.0,0.0,,,,,,,19,,
AC,2020,0,0,2,830018,0,22,0,2,0,0,0.0,sem dado,0.0,0.0,0.0,,,,,,,19,,
AC,2021,0,0,2,830018,0,22,0,2,0,0,0.0,sem dado,0.0,0.0,0.0,1.566,,13.0,,,ABREE,19,68.4,6.0
AC,2022,0,0,2,830018,0,22,0,2,0,0,0.0,"relatório (ABREE, por UF)",0.0,0.0,0.0,1.566,0.0,13.0,4.0,0.001,ABREE,19,68.4,6.0
AC,2023,0,0,2,830018,0,22,0,2,0,0,0.0,sem dado,0.0,0.0,0.0,0.361,,3.0,1.0,,Green Eletron,19,15.8,16.0
AC,2024,0,0,2,830018,0,22,0,2,0,0,0.0,sem dado,0.0,0.0,0.0,,,,,,,19,,
AC,2025,0,0,2,830018,0,22,0,2,0,0,0.0,sem dado,0.0,0.0,0.0,,,,,,,19,,
AL,2019,0,0,3,3127683,0,102,0,3,0,0,0.0,sem dado,0.0,0.0,0.0,,,,,,,53,,
AL,2020,0,0,3,3127683,0,102,0,3,0,0,0.0,sem dado,0.0,0.0,0.0,,,,,,,53,,
AL,2021,0,0,3,3127683,0,102,0,3,0,0,0.0,sem dado,0.0,0.0,0.0,0.671,,21.0,,,ABREE,53,39.6,32.0
AL,2022,0,0,3,3127683,0,102,0,3,0,0,0.0,"relatório (ABREE, por UF)",0.0,0.0,0.0,3.293,0.0868,103.0,14.0,271.63,"ABREE, Green Eletron",53,194.3,0.0
AL,2023,0,0,3,3127683,0,102,0,3,0,0,0.0,sem dado,0.0,0.0,0.0,0.224,,7.0,1.0,,Green Eletron,53,13.2,46.0
AL,2024,0,0,3,3127683,0,102,0,3,0,0,0.0,sem dado,0.0,0.0,0.0,,,,,,,53,,
AL,2025,0,0,3,3127683,0,102,0,3,0,0,0.0,sem dado,0.0,0.0,0.0,,,,,,,53,,
AM,2019,0,0,4,3941613,0,62,0,4,0,0,0.0,sem dado,0.0,0.0,0.0,,,,,,,97,,
AM,2020,0,0,4,3941613,0,62,0,4,0,0,0.0,sem dado,0.0,0.0,0.0,,,,,,,97,,
AM,2021,0,0,4,3941613,0,62,0,4,0,0,0.0,sem dado,0.0,0.0,0.0,0.913,,36.0,,,ABREE,97,37.1,61.0
AM,2022,0,0,4,3941613,0,62,0,4,0,0,0.0,"relatório (ABREE, por UF)",0.0,0.0,0.0,1.573,0.0016,62.0,13.0,6.13,"ABREE, Green Eletron",97,63.9,35.0
AM,2023,0,0,4,3941613,0,62,0,4,0,0,0.0,sem dado,0.0,0.0,0.0,0.584,,23.0,5.0,,Green Eletron,97,23.7,74.0
AM,2024,0,0,4,3941613,0,62,0,4,0,0,0.0,sem dado,0.0,0.0,0.0,,,,,,,97,,
AM,2025,0,0,4,3941613,0,62,0,4,0,0,0.0,sem dado,0.0,0.0,0.0,,,,,,,97,,
AP,2019,0,0,2,733759,0,16,0,2,0,0,0.0,sem dado,0.0,0.0,0.0,,,,,,,23,,
AP,2020,0,0,2,733759,0,16,0,2,0,0,0.0,sem dado,0.0,0.0,0.0,,,,,,,23,,
AP,2021,0,0,2,733759,0,16,0,2,0,0,0.0,sem dado,0.0,0.0,0.0,0.818,,6.0,,,ABREE,23,26.1,17.0
AP,2022,0,0,2,733759,0,16,0,2,0,0,0.0,"relatório (ABREE, por UF)",0.0,0.0,0.0,0.818,0.0,6.0,1.0,0.02,ABREE,23,26.1,17.0
AP,2023,0,0,2,733759,0,16,0,2,0,0,0.0,sem dado,0.0,0.0,0.0,0.136,,1.0,1.0,,Green Eletron,23,4.3,22.0
AP,2024,0,0,2,733759,0,16,0,2,0,0,0.0,sem dado,0.0,0.0,0.0,,,,,,,23,,
AP,2025,0,0,2,733759,0,16,0,2,0,0,0.0,sem dado,0.0,0.0,0.0,,,,,,,23,,
BA,2019,0,0,22,14141626,0,417,0,22,0,0,0.0,sem dado,0.0,0.0,0.0,,,,,,,260,,
BA,2020,0,0,22,14141626,0,417,0,22,0,0,0.0,sem dado,0.0,0.0,0.0,,,,,,,260,,
BA,2021,0,0,22,14141626,0,417,0,22,0,0,0.0,sem dado,0.0,0.0,0.0,0.948,,134.0,,,ABREE,260,51.5,126.0
BA,2022,0,0,22,14141626,0,417,0,22,0,0,0.0,"relatório (ABREE, por UF)",0.0,0.0,0.0,3.988,0.0002,564.0,93.0,2.3,"ABREE, Green Eletron",260,216.9,0.0
BA,2023,0,0,22,14141626,0,417,0,22,0,0,0.0,sem dado,0.0,0.0,0.0,0.255,,36.0,10.0,,Green Eletron,260,13.8,224.0
BA,2024,0,0,22,14141626,0,417,0,22,0,0,0.0,sem dado,0.0,0.0,0.0,,,,,,,260,,
BA,2025,0,0,22,14141626,0,417,0,22,0,0,0.0,sem dado,0.0,0.0,0.0,,,,,,,260,,
CE,2019,0,0,14,8794957,0,184,0,14,0,0,0.0,sem dado,0.0,0.0,0.0,,,,,,,185,,
CE,2020,0,0,14,8794957,0,184,0,14,0,0,0.0,sem dado,0.0,0.0,0.0,,,,,,,185,,
CE,2021,0,0,14,8794957,0,184,0,14,0,0,0.0,sem dado,0.0,0.0,0.0,0.603,,53.0,,,ABREE,185,28.6,132.0
CE,2022,0,0,14,8794957,0,184,0,14,0,0,0.0,"relatório (ABREE, por UF)",0.0,0.0,0.0,0.944,0.0004,83.0,18.0,3.77,"ABREE, Green Eletron",185,44.9,102.0
CE,2023,0,0,14,8794957,0,184,0,14,0,0,0.0,sem dado,0.0,0.0,0.0,0.296,,26.0,4.0,,Green Eletron,185,14.1,159.0
CE,2024,0,0,14,8794957,0,184,0,14,0,0,0.0,sem dado,0.0,0.0,0.0,,,,,,,185,,
CE,2025,0,0,14,8794957,0,184,0,14,0,0,0.0,sem dado,0.0,0.0,0.0,,,,,,,185,,
DF,2019,0,0,1,2817381,0,1,0,1,0,0,,sem dado,0.0,0.0,0.0,,,,,,,113,,
DF,2020,0,0,1,2817381,0,1,0,1,0,0,,sem dado,0.0,0.0,0.0,,,,,,,113,,
DF,2021,0,0,1,2817381,0,1,0,1,0,0,,sem dado,0.0,0.0,0.0,1.952,,55.0,,,ABREE,113,48.7,58.0
DF,2022,0,0,1,2817381,0,1,0,1,0,0,,"relatório (ABREE, por UF)",0.0,0.0,0.0,4.437,0.0118,125.0,2.0,33.32,"ABREE, Green Eletron",113,110.6,0.0
DF,2023,0,0,1,2817381,0,1,0,1,0,0,,sem dado,0.0,0.0,0.0,2.201,,62.0,1.0,,Green Eletron,113,54.9,51.0
DF,2024,0,0,1,2817381,0,1,0,1,0,0,,sem dado,0.0,0.0,0.0,,,,,,,113,,
DF,2025,0,0,1,2817381,0,1,0,1,0,0,,sem dado,0.0,0.0,0.0,,,,,,,113,,
ES,2019,0,0,10,3833712,0,78,0,10,0,0,0.0,sem dado,0.0,0.0,0.0,,,,,,,102,,
ES,2020,0,0,10,3833712,0,78,0,10,0,0,0.0,sem dado,0.0,0.0,0.0,,,,,,,102,,
ES,2021,0,0,10,3833712,0,78,0,10,0,0,0.0,sem dado,0.0,0.0,0.0,2.817,,108.0,,,ABREE,102,105.9,0.0
ES,2022,0,0,10,3833712,0,78,0,10,0,0,0.0,"relatório (ABREE, por UF)",0.0,0.0,0.0,4.069,0.0198,156.0,61.0,75.94,"ABREE, Green Eletron",102,152.9,0.0
ES,2023,0,0,10,3833712,0,78,0,10,0,0,0.0,sem dado,0.0,0.0,0.0,0.6,,23.0,7.0,,Green Eletron,102,22.5,79.0
ES,2024,0,0,10,3833712,0,78,0,10,0,0,0.0,sem dado,0.0,0.0,0.0,,,,,,,102,,
ES,2025,0,0,10,3833712,0,78,0,10,0,0,0.0,sem dado,0.0,0.0,0.0,,,,,,,102,,
GO,2019,0,0,17,7056495,0,246,0,17,0,0,0.0,sem dado,0.0,0.0,0.0,,,,,,,184,,
GO,2020,0,0,17,7056495,0,246,0,17,0,0,0.0,sem dado,0.0,0.0,0.0,,,,,,,184,,
GO,2021,0,0,17,7056495,0,246,0,17,0,0,0.0,sem dado,0.0,0.0,0.0,2.012,,142.0,,,ABREE,184,77.2,42.0
GO,2022,0,0,17,7056495,0,246,0,17,0,0,0.0,"relatório (ABREE, por UF)",0.0,0.0,0.0,2.565,0.025,181.0,56.0,176.69,"ABREE, Green Eletron",184,98.4,3.0
GO,2023,0,0,17,7056495,0,246,0,17,0,0,0.0,sem dado,0.0,0.0,0.0,0.411,,29.0,8.0,,Green Eletron,184,15.8,155.0
GO,2024,0,0,17,7056495,0,246,0,17,0,0,0.0,sem dado,0.0,0.0,0.0,,,,,,,184,,
GO,2025,0,0,17,7056495,0,246,0,17,0,0,0.0,sem dado,0.0,0.0,0.0,,,,,,,184,,
MA,2019,0,0,14,6776699,0,217,0,14,0,0,0.0,sem dado,0.0,0.0,0.0,,,,,,,119,,
MA,2020,0,0,14,6776699,0,217,0,14,0,0,0.0,sem dado,0.0,0.0,0.0,,,,,,,119,,
MA,2021,0,0,14,6776699,0,217,0,14,0,0,0.0,sem dado,0.0,0.0,0.0,0.753,,51.0,,,ABREE,119,42.9,68.0
MA,2022,0,0,14,6776699,0,217,0,14,0,0,0.0,"relatório (ABREE, por UF)",0.0,0.0,0.0,3.453,0.0092,234.0,68.0,62.48,"ABREE, Green Eletron",119,196.6,0.0
MA,2023,0,0,14,6776699,0,217,0,14,0,0,0.0,sem dado,0.0,0.0,0.0,0.192,,13.0,3.0,,Green Eletron,119,10.9,106.0
MA,2024,0,0,14,6776699,0,217,0,14,0,0,0.0,sem dado,0.0,0.0,0.0,,,,,,,119,,
MA,2025,0,0,14,6776699,0,217,0,14,0,0,0.0,sem dado,0.0,0.0,0.0,,,,,,,119,,
MG,2019,0,0,47,20539989,0,853,0,47,0,0,0.0,sem dado,0.0,0.0,0.0,,,,,,,452,,
MG,2020,0,0,47,20539989,0,853,0,47,0,0,0.0,sem dado,0.0,0.0,0.0,,,,,,,452,,
MG,2021,0,0,47,20539989,0,853,0,47,0,0,0.0,sem dado,0.0,0.0,0.0,2.201,,452.0,,,ABREE,452,100.0,0.0
MG,2022,0,0,47,20539989,0,853,0,47,0,0,0.0,"relatório (ABREE, por UF)",0.0,0.0,0.0,3.281,0.0031,674.0,295.0,64.02,"ABREE, Green Eletron",452,149.1,0.0
MG,2023,0,0,47,20539989,0,853,0,47,0,0,0.0,sem dado,0.0,0.0,0.0,0.341,,70.0,30.0,,Green Eletron,452,15.5,382.0
MG,2024,0,0,47,20539989,0,853,0,47,0,0,0.0,sem dado,0.0,0.0,0.0,,,,,,,452,,
MG,2025,0,0,47,20539989,0,853,0,47,0,0,0.0,sem dado,0.0,0.0,0.0,,,,,,,452,,
MS,2019,0,0,5,2757013,0,79,0,5,0,0,0.0,sem dado,0.0,0.0,0.0,,,,,,,60,,
MS,2020,0,0,5,2757013,0,79,0,5,0,0,0.0,sem dado,0.0,0.0,0.0,,,,,,,60,,
MS,2021,0,0,5,2757013,0,79,0,5,0,0,0.0,sem dado,0.0,0.0,0.0,2.503,,69.0,,,ABREE,60,115.0,0.0
MS,2022,0,0,5,2757013,0,79,0,5,0,0,0.0,"relatório (ABREE, por UF)",0.0,0.0,0.0,3.301,0.018,91.0,28.0,49.56,"ABREE, Green Eletron",60,151.7,0.0
MS,2023,0,0,5,2757013,0,79,0,5,0,0,0.0,sem dado,0.0,0.0,0.0,0.544,,15.0,4.0,,Green Eletron,60,25.0,45.0
MS,2024,0,0,5,2757013,0,79,0,5,0,0,0.0,sem dado,0.0,0.0,0.0,,,,,,,60,,
MS,2025,0,0,5,2757013,0,79,0,5,0,0,0.0,sem dado,0.0,0.0,0.0,,,,,,,60,,
MT,2019,0,0,9,3658649,0,142,0,9,0,0,0.0,sem dado,0.0,0.0,0.0,,,,,,,80,,
MT,2020,0,0,9,3658649,0,142,0,9,0,0,0.0,sem dado,0.0,0.0,0.0,,,,,,,80,,
MT,2021,0,0,9,3658649,0,142,0,9,0,0,0.0,sem dado,0.0,0.0,0.0,1.667,,61.0,,,ABREE,80,76.2,19.0
MT,2022,0,0,9,3658649,0,142,0,9,0,0,0.0,"relatório (ABREE, por UF)",0.0,0.0,0.0,2.077,0.0014,76.0,32.0,5.23,"ABREE, Green Eletron",80,95.0,4.0
MT,2023,0,0,9,3658649,0,142,0,9,0,0,0.0,sem dado,0.0,0.0,0.0,0.383,,14.0,4.0,,Green Eletron,80,17.5,66.0
MT,2024,0,0,9,3658649,0,142,0,9,0,0,0.0,sem dado,0.0,0.0,0.0,,,,,,,80,,
MT,2025,0,0,9,3658649,0,142,0,9,0,0,0.0,sem dado,0.0,0.0,0.0,,,,,,,80,,
PA,2019,0,0,18,8120131,0,144,0,18,0,0,0.0,sem dado,0.0,0.0,0.0,,,,,,,179,,
PA,2020,0,0,18,8120131,0,144,0,18,0,0,0.0,sem dado,0.0,0.0,0.0,,,,,,,179,,
PA,2021,0,0,18,8120131,0,144,0,18,0,0,0.0,sem dado,0.0,0.0,0.0,0.8,,65.0,,,ABREE,179,36.3,114.0
PA,2022,0,0,18,8120131,0,144,0,18,0,0,0.0,"relatório (ABREE, por UF)",0.0,0.0,0.0,1.281,0.0,104.0,36.0,0.39,"ABREE, Green Eletron",179,58.1,75.0
PA,2023,0,0,18,8120131,0,144,0,18,0,0,0.0,sem dado,0.0,0.0,0.0,0.209,,17.0,5.0,,Green Eletron,179,9.5,162.0
PA,2024,0,0,18,8120131,0,144,0,18,0,0,0.0,sem dado,0.0,0.0,0.0,,,,,,,179,,
PA,2025,0,0,18,8120131,0,144,0,18,0,0,0.0,sem dado,0.0,0.0,0.0,,,,,,,179,,
PB,2019,0,0,5,3974687,0,223,0,5,0,0,0.0,sem dado,0.0,0.0,0.0,,,,,,,66,,
PB,2020,0,0,5,3974687,0,223,0,5,0,0,0.0,sem dado,0.0,0.0,0.0,,,,,,,66,,
PB,2021,0,0,5,3974687,0,223,0,5,0,0,0.0,sem dado,0.0,0.0,0.0,0.73,,29.0,,,ABREE,66,43.9,37.0
PB,2022,0,0,5,3974687,0,223,0,5,0,0,0.0,"relatório (ABREE, por UF)",0.0,0.0,0.0,2.038,0.024,81.0,14.0,95.51,"ABREE, Green Eletron",66,122.7,0.0
PB,2023,0,0,5,3974687,0,223,0,5,0,0,0.0,sem dado,0.0,0.0,0.0,0.277,,11.0,4.0,,Green Eletron,66,16.7,55.0
PB,2024,0,0,5,3974687,0,223,0,5,0,0,0.0,sem dado,0.0,0.0,0.0,,,,,,,66,,
PB,2025,0,0,5,3974687,0,223,0,5,0,0,0.0,sem dado,0.0,0.0,0.0,,,,,,,66,,
PE,2019,0,0,19,9058931,0,185,0,19,0,0,0.0,sem dado,0.0,0.0,0.0,,,,,,,211,,
PE,2020,0,0,19,9058931,0,185,0,19,0,0,0.0,sem dado,0.0,0.0,0.0,,,,,,,211,,
PE,2021,0,0,19,9058931,0,185,0,19,0,0,0.0,sem dado,0.0,0.0,0.0,0.706,,64.0,,,ABREE,211,30.3,147.0
PE,2022,0,0,19,9058931,0,185,0,19,0,0,0.0,"relatório (ABREE, por UF)",0.0,0.0,0.0,1.689,0.0002,153.0,36.0,2.03,"ABREE, Green Eletron",211,72.5,58.0
PE,2023,0,0,19,9058931,0,185,0,19,0,0,0.0,sem dado,0.0,0.0,0.0,0.762,,69.0,10.0,,Green Eletron,211,32.7,142.0
PE,2024,0,0,19,9058931,0,185,0,19,0,0,0.0,sem dado,0.0,0.0,0.0,,,,,,,211,,
PE,2025,0,0,19,9058931,0,185,0,19,0,0,0.0,sem dado,0.0,0.0,0.0,,,,,,,211,,
PI,2019,0,0,3,3271199,0,224,0,3,0,0,0.0,sem dado,0.0,0.0,0.0,,,,,,,46,,
PI,2020,0,0,3,3271199,0,224,0,3,0,0,0.0,sem dado,0.0,0.0,0.0,,,,,,,46,,
PI,2021,0,0,3,3271199,0,224,0,3,0,0,0.0,sem dado,0.0,0.0,0.0,0.489,,16.0,,,ABREE,46,34.8,30.0
PI,2022,0,0,3,3271199,0,224,0,3,0,0,0.0,"relatório (ABREE, por UF)",0.0,0.0,0.0,1.773,0.0295,58.0,7.0,96.4,"ABREE, Green Eletron",46,126.1,0.0
PI,2023,0,0,3,3271199,0,224,0,3,0,0,0.0,sem dado,0.0,0.0,0.0,0.183,,6.0,1.0,,Green Eletron,46,13.0,40.0
PI,2024,0,0,3,3271199,0,224,0,3,0,0,0.0,sem dado,0.0,0.0,0.0,,,,,,,46,,
PI,2025,0,0,3,3271199,0,224,0,3,0,0,0.0,sem dado,0.0,0.0,0.0,,,,,,,46,,
PR,2019,0,0,26,11444380,0,399,0,26,0,0,0.0,sem dado,0.0,0.0,0.0,,,,,,,274,,
PR,2020,0,0,26,11444380,0,399,0,26,0,0,0.0,sem dado,0.0,0.0,0.0,,,,,,,274,,
PR,2021,0,0,26,11444380,0,399,0,26,0,0,0.0,sem dado,0.0,0.0,0.0,1.704,,195.0,,,ABREE,274,71.2,79.0
PR,2022,0,0,26,11444380,0,399,0,26,0,0,0.0,"relatório (ABREE, por UF)",0.0,0.0,0.0,2.237,0.0106,256.0,89.0,121.36,"ABREE, Green Eletron",274,93.4,18.0
PR,2023,0,0,26,11444380,0,399,0,26,0,0,0.0,sem dado,0.0,0.0,0.0,0.585,,67.0,22.0,,Green Eletron,274,24.5,207.0
PR,2024,0,0,26,11444380,0,399,0,26,0,0,0.0,sem dado,0.0,0.0,0.0,,,,,,,274,,
PR,2025,0,0,26,11444380,0,399,0,26,0,0,0.0,sem dado,0.0,0.0,0.0,,,,,,,274,,
RJ,2019,0,0,32,16055174,0,92,0,32,0,0,0.0,sem dado,0.0,0.0,0.0,,,,,,,595,,
RJ,2020,0,0,32,16055174,0,92,0,32,0,0,0.0,sem dado,0.0,0.0,0.0,,,,,,,595,,
RJ,2021,0,0,32,16055174,0,92,0,32,0,0,0.0,sem dado,0.0,0.0,0.0,1.806,,290.0,,,ABREE,595,48.7,305.0
RJ,2022,0,0,32,16055174,0,92,0,32,0,0,0.0,"relatório (ABREE, por UF)",0.0,0.0,0.0,2.479,0.0053,398.0,83.0,85.74,"ABREE, Green Eletron",595,66.9,197.0
RJ,2023,0,0,32,16055174,0,92,0,32,0,0,0.0,sem dado,0.0,0.0,0.0,0.772,,124.0,31.0,,Green Eletron,595,20.8,471.0
RJ,2024,0,0,32,16055174,0,92,0,32,0,0,0.0,sem dado,0.0,0.0,0.0,,,,,,,595,,
RJ,2025,0,0,32,16055174,0,92,0,32,0,0,0.0,sem dado,0.0,0.0,0.0,,,,,,,595,,
RN,2019,0,0,5,3302729,0,167,0,5,0,0,0.0,sem dado,0.0,0.0,0.0,,,,,,,62,,
RN,2020,0,0,5,3302729,0,167,0,5,0,0,0.0,sem dado,0.0,0.0,0.0,,,,,,,62,,
RN,2021,0,0,5,3302729,0,167,0,5,0,0,0.0,sem dado,0.0,0.0,0.0,0.606,,20.0,,,ABREE,62,32.3,42.0
RN,2022,0,0,5,3302729,0,167,0,5,0,0,0.0,"relatório (ABREE, por UF)",0.0,0.0,0.0,2.15,0.013,71.0,10.0,43.1,"ABREE, Green Eletron",62,114.5,0.0
RN,2023,0,0,5,3302729,0,167,0,5,0,0,0.0,sem dado,0.0,0.0,0.0,0.333,,11.0,4.0,,Green Eletron,62,17.7,51.0
RN,2024,0,0,5,3302729,0,167,0,5,0,0,0.0,sem dado,0.0,0.0,0.0,,,,,,,62,,
RN,2025,0,0,5,3302729,0,167,0,5,0,0,0.0,sem dado,0.0,0.0,0.0,,,,,,,62,,
RO,2019,0,0,5,1581196,0,52,0,5,0,0,0.0,sem dado,0.0,0.0,0.0,,,,,,,36,,
RO,2020,0,0,5,1581196,0,52,0,5,0,0,0.0,sem dado,0.0,0.0,0.0,,,,,,,36,,
RO,2021,0,0,5,1581196,0,52,0,5,0,0,0.0,sem dado,0.0,0.0,0.0,2.403,,38.0,,,ABREE,36,105.6,0.0
RO,2022,0,0,5,1581196,0,52,0,5,0,0,0.0,"relatório (ABREE, por UF)",0.0,0.0,0.0,2.783,0.0,44.0,20.0,0.06,"ABREE, Green Eletron",36,122.2,0.0
RO,2023,0,0,5,1581196,0,52,0,5,0,0,0.0,sem dado,0.0,0.0,0.0,0.379,,6.0,5.0,,Green Eletron,36,16.7,30.0
RO,2024,0,0,5,1581196,0,52,0,5,0,0,0.0,sem dado,0.0,0.0,0.0,,,,,,,36,,
RO,2025,0,0,5,1581196,0,52,0,5,0,0,0.0,sem dado,0.0,0.0,0.0,,,,,,,36,,
RR,2019,0,0,1,636707,0,15,0,1,0,0,0.0,sem dado,0.0,0.0,0.0,,,,,,,17,,
RR,2020,0,0,1,636707,0,15,0,1,0,0,0.0,sem dado,0.0,0.0,0.0,,,,,,,17,,
RR,2021,0,0,1,636707,0,15,0,1,0,0,0.0,sem dado,0.0,0.0,0.0,1.099,,7.0,,,ABREE,17,41.2,10.0
RR,2022,0,0,1,636707,0,15,0,1,0,0,0.0,"relatório (ABREE, por UF)",0.0,0.0,0.0,1.256,0.0001,8.0,2.0,0.04,"ABREE, Green Eletron",17,47.1,9.0
RR,2023,0,0,1,636707,0,15,0,1,0,0,0.0,sem dado,0.0,0.0,0.0,0.157,,1.0,1.0,,Green Eletron,17,5.9,16.0
RR,2024,0,0,1,636707,0,15,0,1,0,0,0.0,sem dado,0.0,0.0,0.0,,,,,,,17,,
RR,2025,0,0,1,636707,0,15,0,1,0,0,0.0,sem dado,0.0,0.0,0.0,,,,,,,17,,
RS,2019,0,0,24,10882965,0,497,0,24,0,0,0.0,sem dado,0.0,0.0,0.0,,,,,,,234,,
RS,2020,0,0,24,10882965,0,497,0,24,0,0,0.0,sem dado,0.0,0.0,0.0,,,,,,,234,,
RS,2021,0,0,24,10882965,0,497,0,24,0,0,0.0,sem dado,0.0,0.0,0.0,3.188,,347.0,,,ABREE,234,148.3,0.0
RS,2022,0,0,24,10882965,0,497,0,24,0,0,0.0,"relatório (ABREE, por UF)",0.0,0.0,0.0,6.496,0.4086,707.0,176.0,4446.52,"ABREE, Green Eletron",234,302.1,0.0
RS,2023,0,0,24,10882965,0,497,0,24,0,0,0.0,sem dado,0.0,0.0,0.0,0.349,,38.0,15.0,,Green Eletron,234,16.2,196.0
RS,2024,0,0,24,10882965,0,497,0,24,0,0,0.0,sem dado,0.0,0.0,0.0,,,,,,,234,,
RS,2025,0,0,24,10882965,0,497,0,24,0,0,0.0,sem dado,0.0,0.0,0.0,,,,,,,234,,
SC,2019,0,0,17,7610361,0,295,0,17,0,0,0.0,sem dado,0.0,0.0,0.0,,,,,,,162,,
SC,2020,0,0,17,7610361,0,295,0,17,0,0,0.0,sem dado,0.0,0.0,0.0,,,,,,,162,,
SC,2021,0,0,17,7610361,0,295,0,17,0,0,0.0,sem dado,0.0,0.0,0.0,2.365,,180.0,,,ABREE,162,111.1,0.0
SC,2022,0,0,17,7610361,0,295,0,17,0,0,0.0,"relatório (ABREE, por UF)",0.0,0.0,0.0,2.983,0.1111,227.0,87.0,845.55,"ABREE, Green Eletron",162,140.1,0.0
SC,2023,0,0,17,7610361,0,295,0,17,0,0,0.0,sem dado,0.0,0.0,0.0,0.526,,40.0,14.0,,Green Eletron,162,24.7,122.0
SC,2024,0,0,17,7610361,0,295,0,17,0,0,0.0,sem dado,0.0,0.0,0.0,,,,,,,162,,
SC,2025,0,0,17,7610361,0,295,0,17,0,0,0.0,sem dado,0.0,0.0,0.0,,,,,,,162,,
SE,2019,0,0,5,2210004,0,75,0,5,0,0,0.0,sem dado,0.0,0.0,0.0,,,,,,,47,,
SE,2020,0,0,5,2210004,0,75,0,5,0,0,0.0,sem dado,0.0,0.0,0.0,,,,,,,47,,
SE,2021,0,0,5,2210004,0,75,0,5,0,0,0.0,sem dado,0.0,0.0,0.0,1.765,,39.0,,,ABREE,47,83.0,8.0
SE,2022,0,0,5,2210004,0,75,0,5,0,0,0.0,"relatório (ABREE, por UF)",0.0,0.0,0.0,2.262,0.004,50.0,22.0,8.74,"ABREE, Green Eletron",47,106.4,0.0
SE,2023,0,0,5,2210004,0,75,0,5,0,0,0.0,sem dado,0.0,0.0,0.0,0.317,,7.0,2.0,,Green Eletron,47,14.9,40.0
SE,2024,0,0,5,2210004,0,75,0,5,0,0,0.0,sem dado,0.0,0.0,0.0,,,,,,,47,,
SE,2025,0,0,5,2210004,0,75,0,5,0,0,0.0,sem dado,0.0,0.0,0.0,,,,,,,47,,
SP,2019,0,0,92,44411238,0,645,0,92,0,0,0.0,sem dado,0.0,0.0,0.0,,,,,,,1439,,
SP,2020,0,0,92,44411238,0,645,0,92,0,0,0.0,sem dado,0.0,0.0,0.0,,,,,,,1439,,
SP,2021,0,0,92,44411238,0,645,0,92,0,0,0.0,sem dado,0.0,0.0,0.0,2.036,,904.0,,,ABREE,1439,62.8,535.0
SP,2022,0,0,92,44411238,0,645,0,92,0,0,0.0,"relatório (ABREE, por UF)",0.0,0.0,0.0,3.605,0.1993,1601.0,358.0,8853.09,"ABREE, Green Eletron",1439,111.3,0.0
SP,2023,0,0,92,44411238,0,645,0,92,0,0,0.0,sem dado,0.0,0.0,0.0,1.261,,560.0,112.0,,Green Eletron,1439,38.9,879.0
SP,2024,0,0,92,44411238,0,645,0,92,0,0,0.0,sem dado,0.0,0.0,0.0,,,,,,,1439,,
SP,2025,0,0,92,44411238,0,645,0,92,0,0,0.0,sem dado,0.0,0.0,0.0,,,,,,,1439,,
TO,2019,0,0,3,1511460,0,139,0,3,0,0,0.0,sem dado,0.0,0.0,0.0,,,,,,,24,,
TO,2020,0,0,3,1511460,0,139,0,3,0,0,0.0,sem dado,0.0,0.0,0.0,,,,,,,24,,
TO,2021,0,0,3,1511460,0,139,0,3,0,0,0.0,sem dado,0.0,0.0,0.0,1.456,,22.0,,,ABREE,24,91.7,2.0
TO,2022,0,0,3,1511460,0,139,0,3,0,0,0.0,"relatório (ABREE, por UF)",0.0,0.0,0.0,1.522,0.0003,23.0,11.0,0.41,"ABREE, Green Eletron",24,95.8,1.0
TO,2023,0,0,3,1511460,0,139,0,3,0,0,0.0,sem dado,0.0,0.0,0.0,0.198,,3.0,1.0,,Green Eletron,24,12.5,21.0
TO,2024,0,0,3,1511460,0,139,0,3,0,0,0.0,sem dado,0.0,0.0,0.0,,,,,,,24,,
TO,2025,0,0,3,1511460,0,139,0,3,0,0,0.0,sem dado,0.0,0.0,0.0,,,,,,,24,,
