uf,ano,pontos,populacao,pop_com_ponto,municipios,municipios_com_ponto,obrigados,obrigados_com_ponto,obrigados_cumprem,deficit_pontos,toneladas,fonte_massa,pct_pop_coberta,pct_obrigados_com_ponto,pontos_100k,kg_hab
AC,2019,3,830020,293197,22,2,1,1,0,10,0.9267116441106289,uf,35.32,100.0,0.361,0.0011
AC,2020,6,830020,327341,22,3,1,1,0,8,1.940148847658332,uf,39.44,100.0,0.723,0.0023
AC,2021,11,830020,428060,22,7,1,1,0,7,3.903,municipal,51.57,100.0,1.325,0.0047
AC,2022,18,830020,539313,22,12,1,1,0,5,11.493,municipal,64.98,100.0,2.169,0.0138
AC,2023,19,830020,565138,22,13,1,1,0,5,11.976,municipal,68.09,100.0,2.289,0.0144
AC,2024,22,830020,667570,22,16,1,1,0,5,14.718000000000002,municipal,80.43,100.0,2.651,0.0177
AC,2025,22,830020,660015,22,15,1,1,0,5,15.571,municipal,79.52,100.0,2.651,0.0188
AL,2019,9,3127683,232453,102,9,6,0,0,47,2.819448214851219,uf,7.43,0.0,0.288,0.0009
AL,2020,21,3127683,1075887,102,18,6,2,0,42,7.307958599577892,uf,34.4,33.33,0.671,0.0023
AL,2021,36,3127683,1317491,102,29,6,2,0,38,14.591999999999999,municipal,42.12,33.33,1.151,0.0047
AL,2022,49,3127683,1596578,102,39,6,3,0,34,23.452,municipal,51.05,50.0,1.567,0.0075
AL,2023,55,3127683,1758862,102,42,6,4,0,30,38.486000000000004,municipal,56.24,66.67,1.758,0.0123
AL,2024,68,3127683,1954386,102,50,6,5,0,25,47.535,municipal,62.49,83.33,2.174,0.0152
AL,2025,82,3127683,2204307,102,58,6,6,0,21,58.927,municipal,70.48,100.0,2.622,0.0188
AM,2019,14,3941614,1164061,62,9,15,3,0,107,6.265683160753394,uf,29.53,20.0,0.355,0.0016
AM,2020,31,3941614,1940134,62,19,15,7,0,96,16.90298044222742,uf,49.22,46.67,0.786,0.0043
AM,2021,47,3941614,2275457,62,23,15,9,0,82,25.301000000000002,municipal,57.73,60.0,1.192,0.0064
AM,2022,69,3941614,2821293,62,30,15,13,1,66,34.532000000000004,municipal,71.58,86.67,1.751,0.0088
AM,2023,91,3941614,3221479,62,39,15,15,2,53,47.821000000000005,municipal,81.73,100.0,2.309,0.0121
AM,2024,96,3941614,3116170,62,38,15,14,4,49,68.597,municipal,79.06,93.33,2.436,0.0174
AM,2025,103,3941614,3293948,62,41,15,15,4,45,73.139,municipal,83.57,100.0,2.613,0.0186
AP,2019,1,733759,38761,16,1,1,0,0,8,0.3595799813583809,uf,5.28,0.0,0.136,0.0005
AP,2020,4,733759,300652,16,4,1,1,0,7,1.48504942265104,uf,40.97,100.0,0.545,0.002
AP,2021,6,733759,312556,16,5,1,1,0,6,1.9,municipal,42.6,100.0,0.818,0.0026
AP,2022,7,733759,312556,16,5,1,1,0,6,2.7910000000000004,municipal,42.6,100.0,0.954,0.0038
AP,2023,9,733759,351317,16,6,1,1,0,5,5.0009999999999994,municipal,47.88,100.0,1.227,0.0068
AP,2024,11,733759,390078,16,7,1,1,0,5,9.260000000000002,municipal,53.16,100.0,1.499,0.0126
AP,2025,11,733759,390078,16,7,1,1,0,5,9.031,municipal,53.16,100.0,1.499,0.0123
BA,2019,87,14141908,5425250,417,45,25,3,0,257,29.84453544872213,uf,38.36,12.0,0.615,0.0021
BA,2020,168,14141908,6898682,417,90,25,7,0,217,79.71673650896808,uf,48.78,28.0,1.188,0.0056
BA,2021,234,14141908,7901588,417,123,25,11,0,180,112.131,municipal,55.87,44.0,1.655,0.0079
BA,2022,316,14141908,8848970,417,154,25,16,0,131,166.459,municipal,62.57,64.0,2.234,0.0118
BA,2023,377,14141908,9842594,417,183,25,22,1,98,238.70999999999998,municipal,69.6,88.0,2.666,0.0169
BA,2024,424,14141908,10571991,417,216,25,25,3,82,337.32899999999995,municipal,74.76,100.0,2.998,0.0239
BA,2025,455,14141908,10910911,417,238,25,25,4,75,382.0470000000001,municipal,77.15,100.0,3.217,0.027
CE,2019,57,8794952,3002709,184,23,20,4,0,168,18.80266569248748,uf,34.14,20.0,0.648,0.0021
CE,2020,105,8794952,3898483,184,39,20,7,0,133,51.3184233471944,uf,44.33,35.0,1.194,0.0058
CE,2021,155,8794952,4500674,184,59,20,9,0,101,57.69499999999999,municipal,51.17,45.0,1.762,0.0066
CE,2022,206,8794952,5509489,184,74,20,15,2,66,92.277,municipal,62.64,75.0,2.342,0.0105
CE,2023,246,8794952,5875038,184,84,20,17,4,48,135.38,municipal,66.8,85.0,2.797,0.0154
CE,2024,271,8794952,6284249,184,96,20,19,6,35,197.66500000000002,municipal,71.45,95.0,3.081,0.0225
CE,2025,288,8794952,6644785,184,104,20,20,8,27,196.488,municipal,75.55,100.0,3.275,0.0223
DF,2019,31,2817381,2817381,1,1,1,1,0,82,4.14803194532475,uf,100.0,100.0,1.1,0.0015
DF,2020,51,2817381,2817381,1,1,1,1,0,62,39.14019812835321,uf,100.0,100.0,1.81,0.0139
DF,2021,72,2817381,2817381,1,1,1,1,0,41,31.599,municipal,100.0,100.0,2.556,0.0112
DF,2022,93,2817381,2817381,1,1,1,1,0,20,48.534,municipal,100.0,100.0,3.301,0.0172
DF,2023,103,2817381,2817381,1,1,1,1,0,10,75.295,municipal,100.0,100.0,3.656,0.0267
DF,2024,105,2817381,2817381,1,1,1,1,0,8,30.247,municipal,100.0,100.0,3.727,0.0107
DF,2025,103,2817381,2817381,1,1,1,1,0,10,379.521,municipal,100.0,100.0,3.656,0.1347
ES,2019,3,3833712,102752,78,3,9,0,0,91,1.466772104017684,uf,2.68,0.0,0.078,0.0004
ES,2020,20,3833712,1726480,78,13,9,5,0,79,7.756105856443969,uf,45.03,55.56,0.522,0.002
ES,2021,34,3833712,2179831,78,19,9,7,0,69,22.31,municipal,56.86,77.78,0.887,0.0058
ES,2022,57,3833712,2600962,78,29,9,9,0,54,32.179,municipal,67.84,100.0,1.487,0.0084
ES,2023,69,3833712,2624887,78,31,9,9,0,45,50.45099999999999,municipal,68.47,100.0,1.8,0.0132
ES,2024,88,3833712,2850582,78,38,9,9,1,33,58.827999999999996,municipal,74.36,100.0,2.295,0.0153
ES,2025,96,3833712,2910136,78,41,9,9,2,31,80.87100000000001,municipal,75.91,100.0,2.504,0.0211
GO,2019,23,7057360,2158690,246,16,8,2,0,100,8.538547078937137,uf,30.59,25.0,0.326,0.0012
GO,2020,50,7057360,2850083,246,34,8,4,0,89,23.21751031406335,uf,40.38,50.0,0.708,0.0033
GO,2021,74,7057360,3143037,246,51,8,4,0,82,50.778999999999996,municipal,44.54,50.0,1.049,0.0072
GO,2022,106,7057360,3661705,246,71,8,7,1,70,52.03699999999999,municipal,51.88,87.5,1.502,0.0074
GO,2023,131,7057360,4027233,246,89,8,7,1,65,85.428,municipal,57.06,87.5,1.856,0.0121
GO,2024,154,7057360,4459821,246,109,8,8,1,62,103.93299999999999,municipal,63.19,100.0,2.182,0.0147
GO,2025,173,7057360,4611198,246,121,8,8,1,59,114.116,municipal,65.34,100.0,2.451,0.0162
MA,2019,57,6777154,2609987,217,25,11,2,0,109,24.45762616919739,uf,38.51,18.18,0.841,0.0036
MA,2020,92,6777154,2794698,217,39,11,2,0,88,38.57890851422292,uf,41.24,18.18,1.358,0.0057
MA,2021,142,6777154,3670945,217,65,11,4,0,62,48.989000000000004,municipal,54.17,36.36,2.095,0.0072
MA,2022,179,6777154,4118788,217,77,11,7,1,43,104.28299999999999,municipal,60.77,63.64,2.641,0.0154
MA,2023,209,6777154,4427889,217,89,11,8,1,36,152.185,municipal,65.34,72.73,3.084,0.0225
MA,2024,236,6777154,4881538,217,103,11,11,1,29,177.65200000000002,municipal,72.03,100.0,3.482,0.0262
MA,2025,250,6777154,4987230,217,111,11,11,2,24,286.34999999999997,municipal,73.59,100.0,3.689,0.0423
MG,2019,94,20541438,1567109,853,92,23,1,0,396,33.62552418220311,uf,7.63,4.35,0.458,0.0016
MG,2020,268,20541438,10152088,853,167,23,6,0,292,82.93106780949718,uf,49.42,26.09,1.305,0.004
MG,2021,410,20541438,11874569,853,239,23,12,0,216,169.28499999999997,municipal,57.81,52.17,1.996,0.0082
MG,2022,571,20541438,13020907,853,315,23,14,1,140,359.22999999999996,municipal,63.39,60.87,2.78,0.0175
MG,2023,715,20541438,14241520,853,373,23,20,2,66,531.796,municipal,69.33,86.96,3.481,0.0259
MG,2024,824,20541438,15179581,853,431,23,21,3,53,657.9200000000001,municipal,73.9,91.3,4.011,0.032
MG,2025,899,20541438,16042890,853,491,23,23,5,43,677.576,municipal,78.1,100.0,4.377,0.033
MS,2019,7,2757273,165394,79,7,5,0,0,55,2.257490720157096,uf,6.0,0.0,0.254,0.0008
MS,2020,15,2757273,1113922,79,12,5,1,0,51,7.062533460458328,uf,40.4,20.0,0.544,0.0026
MS,2021,24,2757273,1243315,79,18,5,1,0,48,10.67,municipal,45.09,20.0,0.87,0.0039
MS,2022,41,2757273,1698579,79,29,5,4,0,40,17.324,municipal,61.6,80.0,1.487,0.0063
MS,2023,52,2757273,1881652,79,36,5,5,0,35,27.052,municipal,68.24,100.0,1.886,0.0098
MS,2024,62,2757273,1929461,79,40,5,5,0,30,42.913000000000004,municipal,69.98,100.0,2.249,0.0156
MS,2025,66,2757273,2033860,79,43,5,5,1,29,47.969,municipal,73.76,100.0,2.394,0.0174
MT,2019,13,3659216,944089,142,10,8,1,0,62,4.627054692246759,uf,25.8,12.5,0.355,0.0013
MT,2020,33,3659216,1246826,142,27,8,2,0,58,13.84495821961302,uf,34.07,25.0,0.902,0.0038
MT,2021,52,3659216,1720864,142,41,8,4,0,51,23.625,municipal,47.03,50.0,1.421,0.0065
MT,2022,61,3659216,1879596,142,48,8,4,0,49,31.717000000000002,municipal,51.37,50.0,1.667,0.0087
MT,2023,85,3659216,2387194,142,60,8,8,1,38,59.51400000000001,municipal,65.24,100.0,2.323,0.0163
MT,2024,100,3659216,2584490,142,69,8,8,1,34,72.33500000000001,municipal,70.63,100.0,2.733,0.0198
MT,2025,105,3659216,2695591,142,73,8,8,1,33,82.57,municipal,73.67,100.0,2.869,0.0226
PA,2019,23,8120125,1283656,144,16,20,4,0,198,8.551931107111017,uf,15.81,20.0,0.283,0.0011
PA,2020,54,8120125,4084940,144,28,20,7,0,176,23.50730778753474,uf,50.31,35.0,0.665,0.0029
PA,2021,85,8120125,4632052,144,41,20,9,0,156,42.718,municipal,57.04,45.0,1.047,0.0053
PA,2022,120,8120125,5170441,144,55,20,11,0,133,75.641,municipal,63.67,55.0,1.478,0.0093
PA,2023,150,8120125,5860313,144,69,20,14,1,116,93.842,municipal,72.17,70.0,1.847,0.0116
PA,2024,169,8120125,6286517,144,74,20,18,1,100,135.82800000000003,municipal,77.42,90.0,2.081,0.0167
PA,2025,193,8120125,6628813,144,88,20,19,4,90,156.909,municipal,81.63,95.0,2.377,0.0193
PB,2019,27,3975156,1072878,223,23,5,1,0,49,10.05073125135416,uf,26.99,20.0,0.679,0.0025
PB,2020,51,3975156,1314272,223,44,5,1,0,46,24.42069317858312,uf,33.06,20.0,1.283,0.0061
PB,2021,69,3975156,1739474,223,59,5,3,0,41,32.039,municipal,43.76,60.0,1.736,0.0081
PB,2022,101,3975156,2083173,223,81,5,4,0,33,57.724,municipal,52.4,80.0,2.541,0.0145
PB,2023,117,3975156,2214662,223,96,5,4,0,32,68.465,municipal,55.71,80.0,2.943,0.0172
PB,2024,144,3975156,2434725,223,116,5,4,0,27,84.796,municipal,61.25,80.0,3.622,0.0213
PB,2025,152,3975156,2574719,223,121,5,5,0,26,117.358,municipal,64.77,100.0,3.824,0.0295
PE,2019,39,9058922,1807131,185,30,22,5,0,221,12.50077035793753,uf,19.95,22.73,0.431,0.0014
PE,2020,95,9058922,4801950,185,48,22,8,0,180,36.9633346640023,uf,53.01,36.36,1.049,0.0041
PE,2021,148,9058922,5666297,185,67,22,12,0,142,81.17000000000002,municipal,62.55,54.55,1.634,0.009
PE,2022,206,9058922,6610110,185,88,22,17,1,102,117.01000000000002,municipal,72.97,77.27,2.274,0.0129
PE,2023,253,9058922,7079338,185,100,22,20,3,69,159.775,municipal,78.15,90.91,2.793,0.0176
PE,2024,279,9058922,7381922,185,109,22,22,6,50,289.37700000000007,municipal,81.49,100.0,3.08,0.0319
PE,2025,292,9058922,7514972,185,112,22,22,7,45,190.915,municipal,82.96,100.0,3.223,0.0211
PI,2019,24,3271486,756040,224,18,6,1,0,41,8.460077754294527,uf,23.11,16.67,0.734,0.0026
PI,2020,44,3271486,976224,224,32,6,1,0,35,16.70241994470551,uf,29.84,16.67,1.345,0.0051
PI,2021,67,3271486,1206242,224,51,6,1,0,31,33.489000000000004,municipal,36.87,16.67,2.048,0.0102
PI,2022,104,3271486,1698357,224,81,6,3,0,24,53.196,municipal,51.91,50.0,3.179,0.0163
PI,2023,132,3271486,1969094,224,102,6,4,1,18,89.19900000000001,municipal,60.19,66.67,4.035,0.0273
PI,2024,150,3271486,2117275,224,113,6,4,1,14,102.65599999999999,municipal,64.72,66.67,4.585,0.0314
PI,2025,162,3271486,2284596,224,119,6,6,2,11,110.283,municipal,69.83,100.0,4.952,0.0337
PR,2019,46,11444868,1289973,399,44,15,2,0,208,15.66479461930764,uf,11.27,13.33,0.402,0.0014
PR,2020,109,11444868,5170536,399,77,15,4,0,176,45.35567676356744,uf,45.18,26.67,0.952,0.004
PR,2021,160,11444868,5819436,399,107,15,5,0,154,76.739,municipal,50.85,33.33,1.398,0.0067
PR,2022,217,11444868,6499003,399,137,15,7,0,128,113.64599999999999,municipal,56.79,46.67,1.896,0.0099
PR,2023,280,11444868,7545899,399,172,15,12,0,102,180.968,municipal,65.93,80.0,2.447,0.0158
PR,2024,325,11444868,8014915,399,194,15,15,0,78,179.669,municipal,70.03,100.0,2.84,0.0157
PR,2025,364,11444868,8476664,399,224,15,15,3,73,257.593,municipal,74.07,100.0,3.18,0.0225
RJ,2019,39,16055175,3316593,92,17,41,10,0,550,13.63449533361742,uf,20.66,24.39,0.243,0.0008
RJ,2020,163,16055175,12266703,92,31,41,23,0,427,58.59382853455472,uf,76.4,56.1,1.015,0.0036
RJ,2021,270,16055175,13135575,92,40,41,29,0,323,121.936,municipal,81.82,70.73,1.682,0.0076
RJ,2022,381,16055175,13907778,92,50,41,33,1,221,214.01000000000002,municipal,86.62,80.49,2.373,0.0133
RJ,2023,488,16055175,14781317,92,65,41,38,7,138,279.086,municipal,92.07,92.68,3.04,0.0174
RJ,2024,544,16055175,15075750,92,70,41,40,8,115,504.45,municipal,93.9,97.56,3.388,0.0314
RJ,2025,550,16055175,15194522,92,71,41,41,8,107,594.902,municipal,94.64,100.0,3.426,0.0371
RN,2019,16,3303078,201342,167,16,5,0,0,46,6.073927099024538,uf,6.1,0.0,0.484,0.0018
RN,2020,39,3303078,1164059,167,32,5,2,0,37,12.64091584352034,uf,35.24,40.0,1.181,0.0038
RN,2021,57,3303078,1380544,167,44,5,3,0,30,28.506,municipal,41.8,60.0,1.726,0.0086
RN,2022,81,3303078,1725047,167,61,5,4,0,23,40.56400000000001,municipal,52.23,80.0,2.452,0.0123
RN,2023,102,3303078,2110903,167,74,5,5,1,16,64.95400000000001,municipal,63.91,100.0,3.088,0.0197
RN,2024,116,3303078,2204174,167,81,5,5,1,12,71.572,municipal,66.73,100.0,3.512,0.0217
RN,2025,124,3303078,2270596,167,86,5,5,2,11,92.56,municipal,68.74,100.0,3.754,0.028
RO,2019,6,1581197,83547,52,6,1,0,0,17,1.618518640023998,uf,5.28,0.0,0.379,0.001
RO,2020,10,1581197,505491,52,8,1,1,0,14,5.857835679019014,uf,31.97,100.0,0.632,0.0037
RO,2021,18,1581197,567498,52,12,1,1,0,10,9.738,municipal,35.89,100.0,1.138,0.0062
RO,2022,23,1581197,598320,52,14,1,1,0,8,13.736,municipal,37.84,100.0,1.455,0.0087
RO,2023,28,1581197,602679,52,15,1,1,0,4,20.327,municipal,38.12,100.0,1.771,0.0129
RO,2024,33,1581197,693719,52,19,1,1,0,3,14.931000000000001,municipal,43.87,100.0,2.087,0.0094
RO,2025,36,1581197,751055,52,21,1,1,0,3,25.387,municipal,47.5,100.0,2.277,0.0161
RR,2019,1,636712,35428,15,1,1,0,0,6,0.08434307752337905,uf,5.56,0.0,0.157,0.0001
RR,2020,1,636712,35428,15,1,1,0,0,6,0.961904288646993,uf,5.56,0.0,0.157,0.0015
RR,2021,2,636712,176148,15,2,1,1,0,5,0.76,municipal,27.67,100.0,0.314,0.0012
RR,2022,6,636712,282432,15,5,1,1,0,4,3.4499999999999997,municipal,44.36,100.0,0.942,0.0054
RR,2023,9,636712,353288,15,7,1,1,0,3,5.46,municipal,55.49,100.0,1.414,0.0086
RR,2024,11,636712,388716,15,8,1,1,0,2,7.350000000000001,municipal,61.05,100.0,1.728,0.0115
RR,2025,12,636712,424144,15,9,1,1,0,2,8.385,municipal,66.61,100.0,1.885,0.0132
RS,2019,63,10884761,978555,497,63,9,1,0,208,20.90113751432537,uf,8.99,11.11,0.579,0.0019
RS,2020,162,10884761,5702856,497,109,9,4,0,152,54.61281389800957,uf,52.39,44.44,1.488,0.005
RS,2021,238,10884761,6127141,497,140,9,4,0,107,114.347,municipal,56.29,44.44,2.187,0.0105
RS,2022,321,10884761,6879348,497,181,9,7,0,67,187.27299999999997,municipal,63.2,77.78,2.949,0.0172
RS,2023,410,10884761,7449523,497,223,9,8,2,29,192.94299999999998,municipal,68.44,88.89,3.767,0.0177
RS,2024,457,10884761,7670586,497,241,9,8,2,25,308.80999999999995,municipal,70.47,88.89,4.199,0.0284
RS,2025,491,10884761,8018309,497,263,9,9,3,22,364.001,municipal,73.67,100.0,4.511,0.0334
SC,2019,58,7612477,2796400,295,33,8,2,0,106,24.61420343719717,uf,36.73,25.0,0.762,0.0032
SC,2020,100,7612477,3264444,295,57,8,3,0,87,58.56321723609033,uf,42.88,37.5,1.314,0.0077
SC,2021,150,7612477,4081261,295,84,8,6,0,61,50.983999999999995,municipal,53.61,75.0,1.97,0.0067
SC,2022,191,7612477,4302029,295,101,8,6,0,41,94.94,municipal,56.51,75.0,2.509,0.0125
SC,2023,229,7612477,4519524,295,120,8,6,0,27,143.041,municipal,59.37,75.0,3.008,0.0188
SC,2024,264,7612477,5236649,295,148,8,8,0,22,170.665,municipal,68.79,100.0,3.468,0.0224
SC,2025,285,7612477,5353552,295,160,8,8,2,19,246.622,municipal,70.33,100.0,3.744,0.0324
SE,2019,16,2210479,886242,75,10,5,1,0,36,3.74889266507752,uf,40.09,20.0,0.724,0.0017
SE,2020,30,2210479,1004598,75,17,5,1,0,29,19.07376468255947,uf,45.45,20.0,1.357,0.0086
SE,2021,41,2210479,1107868,75,23,5,1,0,24,18.211,municipal,50.12,20.0,1.855,0.0082
SE,2022,52,2210479,1146372,75,26,5,1,0,18,31.512999999999998,municipal,51.86,20.0,2.352,0.0143
SE,2023,62,2210479,1287966,75,31,5,2,1,15,44.55500000000001,municipal,58.27,40.0,2.805,0.0202
SE,2024,66,2210479,1427567,75,34,5,3,1,13,29.889000000000003,municipal,64.58,60.0,2.986,0.0135
SE,2025,74,2210479,1645544,75,41,5,5,1,10,50.224,municipal,74.44,100.0,3.348,0.0227
SP,2019,208,44411237,15840194,645,68,127,18,0,1106,67.7233000138302,uf,35.67,14.17,0.468,0.0015
SP,2020,412,44411237,22155752,645,133,127,39,0,946,122.6459495896448,uf,49.89,30.71,0.928,0.0028
SP,2021,636,44411237,27563023,645,205,127,68,0,765,276.21299999999997,municipal,62.06,53.54,1.432,0.0062
SP,2022,869,44411237,31100017,645,267,127,87,1,582,642.506,municipal,70.03,68.5,1.957,0.0145
SP,2023,1060,44411237,33824311,645,315,127,106,10,431,530.917,municipal,76.16,83.46,2.387,0.012
SP,2024,1179,44411237,36076168,645,358,127,121,17,351,774.93,municipal,81.23,95.28,2.655,0.0174
SP,2025,1271,44411237,37156884,645,393,127,126,26,294,1155.7979999999998,municipal,83.67,99.21,2.862,0.026
TO,2019,19,1512506,423200,139,16,1,1,0,9,5.805224278312921,uf,27.98,100.0,1.256,0.0038
TO,2020,34,1512506,492287,139,28,1,1,0,6,12.37704366744975,uf,32.55,100.0,2.248,0.0082
TO,2021,47,1512506,603044,139,39,1,1,0,4,17.525,municipal,39.87,100.0,3.107,0.0116
TO,2022,57,1512506,638916,139,45,1,1,0,1,37.534,municipal,42.24,100.0,3.769,0.0248
TO,2023,67,1512506,761712,139,53,1,1,1,0,41.824,municipal,50.36,100.0,4.43,0.0277
TO,2024,87,1512506,895662,139,70,1,1,1,0,61.328,municipal,59.22,100.0,5.752,0.0405
TO,2025,91,1512506,925365,139,72,1,1,1,0,70.012,municipal,61.18,100.0,6.017,0.0463
