cod_ibge,ano,pontos,toneladas,uf,populacao,obrigado_decreto,pontos_necessarios,deficit_pontos,com_ponto,cumpre_densidade,hab_por_ponto,kg_hab,pontos_100k,municipio,indice_prioridade,classe_prioridade
5208707,2025,24,10.598,GO,1615206,True,65,41,True,False,67300.0,0.0066,1.49,Goiânia,84.3,Alta
4106902,2025,93,48.585,PR,3437778,True,138,45,True,False,36965.0,0.0141,2.71,Curitiba,84.1,Alta
1501402,2025,36,35.439,PA,2241403,True,90,54,True,False,62261.0,0.0158,1.61,Belém,82.0,Alta
5002704,2025,14,7.204,MS,892300,True,36,22,True,False,63736.0,0.0081,1.57,Campo Grande,74.6,Alta
1302603,2025,13,3.491,AM,781205,True,32,19,True,False,60093.0,0.0045,1.66,Manaus,73.3,Alta
2507507,2025,16,11.868,PB,848772,True,34,18,True,False,53048.0,0.014,1.89,João Pessoa,73.1,Alta
5103403,2025,11,7.716,MT,720637,True,29,18,True,False,65512.0,0.0107,1.53,Cuiabá,72.4,Alta
3543006,2025,7,3.514,SP,441262,True,18,11,True,False,63037.0,0.008,1.59,Ribeirão Branco,64.3,Alta
2927408,2025,141,160.208,BA,4036833,True,162,21,True,False,28630.0,0.0397,3.49,Salvador,63.3,Alta
1507805,2025,0,1.117,PA,102047,True,5,5,False,False,,0.0109,0.0,Senador José Porfírio,62.9,Alta
2903508,2025,6,1.562,BA,333106,True,14,8,True,False,55518.0,0.0047,1.8,Belo Campo,62.9,Alta
2704302,2025,13,6.626,AL,559558,True,23,10,True,False,43043.0,0.0118,2.32,Maceió,62.4,Alta
3505906,2025,0,0.756,SP,85634,True,4,4,False,False,,0.0088,0.0,Batatais,61.1,Alta
3550308,2025,353,441.242,SP,9278583,True,372,19,True,False,26285.0,0.0476,3.8,São Paulo,60.8,Alta
4313334,2025,6,3.199,RS,278167,True,12,6,True,False,46361.0,0.0115,2.16,Nova Ramada,58.9,Alta
3303302,2025,17,5.273,RJ,624061,True,25,8,True,False,36709.0,0.0084,2.72,Niterói,58.5,Alta
4317905,2025,3,3.78,RS,211929,True,9,6,True,False,70643.0,0.0178,1.42,Santo Cristo,58.0,Alta
3532900,2025,26,8.314,SP,824916,True,33,7,True,False,31728.0,0.0101,3.15,Nova Europa,57.5,Alta
2605806,2025,7,7.228,PE,362357,True,15,8,True,False,51765.0,0.0199,1.93,Frei Miguelinho,56.9,Alta
2901908,2025,4,1.672,BA,217480,True,9,5,True,False,54370.0,0.0077,1.84,Aporá,56.1,Alta
2112209,2025,5,2.511,MA,231283,True,10,5,True,False,46257.0,0.0109,2.16,Timon,56.0,Alta
3205309,2025,28,33.837,ES,998987,True,40,12,True,False,35678.0,0.0339,2.8,Vitória,54.9,Alta
3302106,2025,10,7.335,RJ,473676,True,19,9,True,False,47368.0,0.0155,2.11,Itaocara,54.8,Alta
5103205,2025,1,0.608,MT,115225,True,5,4,True,False,115225.0,0.0053,0.87,Colíder,54.7,Alta
4215356,2025,3,1.022,SC,164319,True,7,4,True,False,54773.0,0.0062,1.83,Saltinho,54.7,Alta
4106605,2025,1,0.655,PR,108204,True,5,4,True,False,108204.0,0.0061,0.92,Cruzeiro do Oeste,54.4,Alta
3305307,2025,17,10.35,RJ,642233,True,26,9,True,False,37778.0,0.0161,2.65,São Sebastião do Alto,54.3,Alta
3531308,2025,3,1.425,SP,180789,True,8,5,True,False,60263.0,0.0079,1.66,Monte Alto,54.2,Alta
2310001,2025,2,0.704,CE,149342,True,6,4,True,False,74671.0,0.0047,1.34,Palhano,54.2,Alta
3301207,2025,5,3.505,RJ,292629,True,12,7,True,False,58526.0,0.012,1.71,Carmo,54.1,Alta
2612802,2025,1,0.559,PE,109023,True,5,4,True,False,109023.0,0.0051,0.92,Santa Terezinha,53.9,Alta
5100102,2025,1,1.096,MT,120812,True,5,4,True,False,120812.0,0.0091,0.83,Acorizal,53.9,Alta
3136579,2025,5,2.296,MG,212157,True,9,4,True,False,42431.0,0.0108,2.36,Josenópolis,53.8,Alta
3305133,2025,1,0.25,RJ,101883,True,5,4,True,False,101883.0,0.0025,0.98,São José de Ubá,53.8,Alta
3544103,2025,3,2.948,SP,222237,True,9,6,True,False,74079.0,0.0133,1.35,Rio Grande da Serra,53.8,Alta
3510153,2025,1,0.523,SP,113864,True,5,4,True,False,113864.0,0.0046,0.88,Canitar,53.5,Alta
2609709,2025,2,1.074,PE,149638,True,6,4,True,False,74819.0,0.0072,1.34,Orobó,53.5,Alta
2914208,2025,3,2.548,BA,176497,True,8,5,True,False,58832.0,0.0144,1.7,Irajuba,53.4,Alta
3537404,2025,5,5.135,SP,289665,True,12,7,True,False,57933.0,0.0177,1.73,Pereira Barreto,53.1,Alta
3166204,2025,2,1.905,MG,126271,True,6,4,True,False,63136.0,0.0151,1.58,Senhora dos Remédios,52.6,Alta
5218052,2025,6,7.848,GO,278367,True,12,6,True,False,46394.0,0.0282,2.16,Porteirão,52.6,Alta
3524402,2025,6,4.277,SP,285097,True,12,6,True,False,47516.0,0.015,2.1,Jacareí,52.6,Alta
5300108,2025,103,379.521,DF,2817381,True,113,10,True,False,27353.0,0.1347,3.66,Brasília,52.5,Alta
2402709,2025,2,1.792,RN,132113,True,6,4,True,False,66056.0,0.0136,1.51,Cerro Corá,52.4,Alta
2311231,2025,2,1.146,CE,140393,True,6,4,True,False,70196.0,0.0082,1.42,Potiretama,52.4,Alta
4307302,2025,1,0.431,RS,93157,True,4,3,True,False,93157.0,0.0046,1.07,Erval Seco,52.1,Alta
2112605,2025,3,0.698,MA,148807,True,6,3,True,False,49602.0,0.0047,2.02,Urbano Santos,51.9,Alta
2501302,2025,1,0.308,PB,84030,True,4,3,True,False,84030.0,0.0037,1.19,Aroeiras,51.9,Alta
2201606,2025,1,0.363,PI,80388,True,4,3,True,False,80388.0,0.0045,1.24,Beneditinos,51.7,Alta
3304508,2025,19,9.816,RJ,642233,True,26,7,True,False,33802.0,0.0153,2.96,Rio das Flores,51.7,Alta
3515194,2025,4,4.244,SP,247154,True,10,6,True,False,61788.0,0.0172,1.62,Espírito Santo do Turvo,51.6,Alta
4211504,2025,1,0.527,SC,91754,True,4,3,True,False,91754.0,0.0057,1.09,Nova Trento,51.6,Alta
3116506,2025,1,0.509,MG,87920,True,4,3,True,False,87920.0,0.0058,1.14,Claro dos Poções,51.5,Alta
2208874,2025,2,0.975,PI,113302,True,5,3,True,False,56651.0,0.0086,1.77,Ribeira do Piauí,51.5,Alta
4305116,2025,1,0.552,RS,85526,True,4,3,True,False,85526.0,0.0065,1.17,Centenário,51.4,Alta
1200401,2025,7,3.158,AC,285642,True,12,5,True,False,40806.0,0.0111,2.45,Rio Branco,51.4,Alta
3203007,2025,3,1.411,ES,153420,True,7,4,True,False,51140.0,0.0092,1.96,Iúna,51.3,Alta
3114303,2025,1,0.578,MG,86840,True,4,3,True,False,86840.0,0.0067,1.15,Carmo do Paranaíba,51.2,Alta
2109304,2025,2,0.547,MA,106238,True,5,3,True,False,53119.0,0.0051,1.88,Presidente Vargas,51.1,Alta
3108602,2025,2,1.252,MG,124606,True,5,3,True,False,62303.0,0.01,1.61,Brasília de Minas,51.1,Alta
3305406,2025,7,5.41,RJ,335110,True,14,7,True,False,47873.0,0.0161,2.09,Sapucaia,51.0,Alta
2805604,2025,1,0.548,SE,88426,True,4,3,True,False,88426.0,0.0062,1.13,Porto da Folha,50.8,Alta
4115457,2025,7,2.192,PR,247630,True,10,3,True,False,35376.0,0.0089,2.83,Marquinho,50.8,Alta
3170750,2025,1,0.802,MG,88130,True,4,3,True,False,88130.0,0.0091,1.13,Varjão de Minas,50.8,Alta
3510302,2025,3,1.485,SP,158332,True,7,4,True,False,52777.0,0.0094,1.89,Capela do Alto,50.7,Alta
2920452,2025,2,0.675,BA,116629,True,5,3,True,False,58314.0,0.0058,1.71,Mansidão,50.7,Alta
2925600,2025,1,0.377,BA,81836,True,4,3,True,False,81836.0,0.0046,1.22,Presidente Dutra,50.7,Alta
2200509,2025,1,1.216,PI,83127,True,4,3,True,False,83127.0,0.0146,1.2,Amarante,50.5,Alta
1302702,2025,1,0.354,AM,89857,True,4,3,True,False,89857.0,0.0039,1.11,Manicoré,50.5,Alta
3555406,2025,1,0.392,SP,93701,True,4,3,True,False,93701.0,0.0042,1.07,Ubatuba,50.5,Alta
2103505,2025,2,0.694,MA,101327,True,5,3,True,False,50664.0,0.0068,1.97,Colinas,50.5,Alta
2612455,2025,2,0.679,PE,114255,True,5,3,True,False,57128.0,0.0059,1.75,Santa Cruz,50.4,Alta
1304203,2025,1,1.261,AM,120639,True,5,4,True,False,120639.0,0.0105,0.83,Tefé,50.4,Alta
3165701,2025,2,1.136,MG,109287,True,5,3,True,False,54644.0,0.0104,1.83,Senador Firmino,50.4,Alta
1504455,2025,1,0.333,PA,81613,True,4,3,True,False,81613.0,0.0041,1.23,Medicilândia,50.3,Alta
2802304,2025,1,0.705,SE,88426,True,4,3,True,False,88426.0,0.008,1.13,Frei Paulo,50.3,Alta
3507704,2025,2,0.59,SP,121522,True,5,3,True,False,60761.0,0.0049,1.65,Braúna,50.2,Alta
3531902,2025,1,0.438,SP,93445,True,4,3,True,False,93445.0,0.0047,1.07,Morro Agudo,50.2,Alta
3538600,2025,1,0.509,SP,97502,True,4,3,True,False,97502.0,0.0052,1.03,Piracaia,50.1,Alta
2928307,2025,3,0.744,BA,127928,True,6,3,True,False,42643.0,0.0058,2.35,Santanópolis,50.1,Alta
4210704,2025,1,0.948,SC,82149,True,4,3,True,False,82149.0,0.0115,1.22,Matos Costa,50.0,Alta
3542008,2025,1,0.366,SP,82972,True,4,3,True,False,82972.0,0.0044,1.21,Quintana,50.0,Alta
3509601,2025,1,0.43,SP,89076,True,4,3,True,False,89076.0,0.0048,1.12,Campo Limpo Paulista,50.0,Alta
3538907,2025,1,0.548,SP,97456,True,4,3,True,False,97456.0,0.0056,1.03,Pirajuí,49.9,Alta
4126801,2025,2,1.135,PR,107344,True,5,3,True,False,53672.0,0.0106,1.86,Tapejara,49.8,Alta
3525102,2025,1,0.592,SP,99753,True,4,3,True,False,99753.0,0.0059,1.0,Jardinópolis,49.8,Alta
2111052,2025,1,1.082,MA,88382,True,4,3,True,False,88382.0,0.0122,1.13,São João do Paraíso,49.8,Alta
2924603,2025,4,3.701,BA,195457,True,8,4,True,False,48864.0,0.0189,2.05,Pindobaçu,49.6,Alta
3540259,2025,1,0.416,SP,82528,True,4,3,True,False,82528.0,0.005,1.21,Pontalinda,49.6,Alta
3536307,2025,1,0.455,SP,84574,True,4,3,True,False,84574.0,0.0054,1.18,Patrocínio Paulista,49.5,Alta
3546009,2025,8,3.248,SP,282666,True,12,4,True,False,35333.0,0.0115,2.83,Santa Branca,49.5,Alta
4118303,2025,2,1.328,PR,108454,True,5,3,True,False,54227.0,0.0122,1.84,Paranapoema,49.5,Alta
3111309,2025,1,1.729,MG,96776,True,4,3,True,False,96776.0,0.0179,1.03,Campo do Meio,49.4,Alta
2111953,2025,1,1.289,MA,90673,True,4,3,True,False,90673.0,0.0142,1.1,Sucupira do Riachão,49.4,Alta
2403806,2025,2,3.371,RN,132113,True,6,4,True,False,66056.0,0.0255,1.51,Florânia,49.3,Alta
2908903,2025,1,0.948,BA,92871,True,4,3,True,False,92871.0,0.0102,1.08,Coração de Maria,49.2,Alta
2413359,2025,3,1.684,RN,132113,True,6,3,True,False,44038.0,0.0127,2.27,Serra do Mel,49.1,Alta
5000906,2025,2,0.929,MS,110283,True,5,3,True,False,55142.0,0.0084,1.81,Antônio João,49.1,Alta
2311264,2025,1,0.8,CE,93475,True,4,3,True,False,93475.0,0.0086,1.07,Quiterianópolis,49.0,Alta
3546603,2025,4,2.544,SP,195536,True,8,4,True,False,48884.0,0.013,2.05,Santa Fé do Sul,49.0,Alta
2707305,2025,1,0.639,AL,80641,True,4,3,True,False,80641.0,0.0079,1.24,Porto Calvo,48.9,Alta
5205901,2025,3,2.229,GO,149309,True,6,3,True,False,49770.0,0.0149,2.01,Corumbaíba,48.8,Alta
2614857,2025,1,0.881,PE,88447,True,4,3,True,False,88447.0,0.01,1.13,Tamandaré,48.8,Alta
5203807,2025,2,1.169,GO,100404,True,5,3,True,False,50202.0,0.0116,1.99,Britânia,48.7,Alta
3516002,2025,1,0.796,SP,99948,True,4,3,True,False,99948.0,0.008,1.0,Flórida Paulista,48.7,Alta
1302900,2025,1,0.794,AM,99546,True,4,3,True,False,99546.0,0.008,1.0,Maués,48.6,Alta
3520400,2025,1,0.578,SP,82566,True,4,3,True,False,82566.0,0.007,1.21,Ilhabela,48.5,Alta
3556404,2025,2,0.789,SP,109654,True,5,3,True,False,54827.0,0.0072,1.82,Vargem Grande do Sul,48.5,Alta
3105400,2025,2,2.376,MG,112113,True,5,3,True,False,56056.0,0.0212,1.78,Barão de Cocais,48.4,Alta
2911402,2025,1,0.884,BA,80698,True,4,3,True,False,80698.0,0.011,1.24,Glória,48.4,Alta
3524006,2025,2,1.733,SP,128332,True,6,4,True,False,64166.0,0.0135,1.56,Itupeva,48.2,Alta
3526001,2025,1,0.599,SP,81325,True,4,3,True,False,81325.0,0.0074,1.23,Junqueirópolis,48.2,Alta
2708956,2025,2,1.165,AL,112484,True,5,3,True,False,56242.0,0.0104,1.78,Senador Rui Palmeira,48.2,Alta
3536505,2025,3,1.063,SP,135455,True,6,3,True,False,45152.0,0.0078,2.21,Paulínia,48.2,Alta
3549250,2025,7,3.456,SP,253511,True,11,4,True,False,36216.0,0.0136,2.76,São João de Iracema,48.2,Alta
2505808,2025,2,3.159,PB,108700,True,5,3,True,False,54350.0,0.0291,1.84,Duas Estradas,48.1,Alta
3533908,2025,3,1.278,SP,144501,True,6,3,True,False,48167.0,0.0088,2.08,Olímpia,48.0,Alta
3302858,2025,4,2.159,RJ,193994,True,8,4,True,False,48498.0,0.0111,2.06,Mesquita,48.0,Alta
2310506,2025,1,0.819,CE,82863,True,4,3,True,False,82863.0,0.0099,1.21,Pedra Branca,47.9,Alta
3539400,2025,4,3.849,SP,200318,True,9,5,True,False,50080.0,0.0192,2.0,Piratininga,47.8,Alta
3537156,2025,0,0.0,SP,79367,False,0,0,False,False,,0.0,0.0,Pedrinhas Paulista,47.7,Alta
3158508,2025,0,0.0,MG,79431,False,0,0,False,False,,0.0,0.0,Santana de Pirapama,47.7,Alta
3548609,2025,0,0.0,SP,79384,False,0,0,False,False,,0.0,0.0,São Bento do Sapucaí,47.7,Alta
2914505,2025,0,0.0,BA,79644,False,0,0,False,False,,0.0,0.0,Irará,47.7,Alta
2302909,2025,0,0.0,CE,79545,False,0,0,False,False,,0.0,0.0,Capistrano,47.7,Alta
3540903,2025,0,0.0,SP,79772,False,0,0,False,False,,0.0,0.0,Pradópolis,47.7,Alta
4312138,2025,0,0.0,RS,78566,False,0,0,False,False,,0.0,0.0,Mato Castelhano,47.6,Alta
3550803,2025,1,0.846,SP,91026,True,4,3,True,False,91026.0,0.0093,1.1,São Sebastião da Grama,47.6,Alta
2308807,2025,0,0.0,CE,77405,False,0,0,False,False,,0.0,0.0,Moraújo,47.6,Alta
3202652,2025,4,1.453,ES,153420,True,7,3,True,False,38355.0,0.0095,2.61,Irupi,47.6,Alta
4312500,2025,0,0.0,RS,78428,False,0,0,False,False,,0.0,0.0,Mostardas,47.6,Alta
3512407,2025,0,0.0,SP,77327,False,0,0,False,False,,0.0,0.0,Cordeirópolis,47.6,Alta
2100402,2025,0,0.0,MA,77672,False,0,0,False,False,,0.0,0.0,Altamira do Maranhão,47.6,Alta
4215554,2025,0,0.0,SC,78821,False,0,0,False,False,,0.0,0.0,Santa Helena,47.6,Alta
5204300,2025,0,0.0,GO,77551,False,0,0,False,False,,0.0,0.0,Caçu,47.6,Alta
3304003,2025,0,0.0,RJ,76691,False,0,0,False,False,,0.0,0.0,Piraí,47.6,Alta
4212205,2025,0,0.0,SC,77671,False,0,0,False,False,,0.0,0.0,Papanduva,47.6,Alta
3527009,2025,0,0.0,SP,73926,False,0,0,False,False,,0.0,0.0,Lindóia,47.5,Alta
4205605,2025,0,0.0,SC,73898,False,0,0,False,False,,0.0,0.0,Galvão,47.5,Alta
5206404,2025,0,0.0,GO,74991,False,0,0,False,False,,0.0,0.0,Crixás,47.5,Alta
3538501,2025,0,0.0,SP,75480,False,0,0,False,False,,0.0,0.0,Piquete,47.5,Alta
4316956,2025,0,0.0,RS,76015,False,0,0,False,False,,0.0,0.0,Santa Maria do Herval,47.5,Alta
3205069,2025,0,0.0,ES,74943,False,0,0,False,False,,0.0,0.0,Venda Nova do Imigrante,47.5,Alta
3303500,2025,0,0.0,RJ,76249,False,0,0,False,False,,0.0,0.0,Nova Iguaçu,47.5,Alta
3519055,2025,0,0.0,SP,75689,False,0,0,False,False,,0.0,0.0,Holambra,47.5,Alta
2803203,2025,0,0.0,SE,75669,False,0,0,False,False,,0.0,0.0,Itaporanga d'Ajuda,47.5,Alta
3546900,2025,0,0.0,SP,73311,False,0,0,False,False,,0.0,0.0,Santa Lúcia,47.4,Alta
3553708,2025,0,0.0,SP,71834,False,0,0,False,False,,0.0,0.0,Taquaritinga,47.4,Alta
1300300,2025,0,0.0,AM,71848,False,0,0,False,False,,0.0,0.0,Autazes,47.4,Alta
2900504,2025,0,0.0,BA,71897,False,0,0,False,False,,0.0,0.0,Érico Cardoso,47.4,Alta
4109005,2025,0,0.0,PR,71690,False,0,0,False,False,,0.0,0.0,Guapirama,47.4,Alta
5201108,2025,0,0.0,GO,72669,False,0,0,False,False,,0.0,0.0,Anápolis,47.4,Alta
3553906,2025,1,0.782,SP,84721,True,4,3,True,False,84721.0,0.0092,1.18,Tarabai,47.4,Alta
3538303,2025,0,0.0,SP,72740,False,0,0,False,False,,0.0,0.0,Piquerobi,47.4,Alta
2310100,2025,0,0.0,CE,73128,False,0,0,False,False,,0.0,0.0,Palmácia,47.4,Alta
4125753,2025,0,0.0,PR,70831,False,0,0,False,False,,0.0,0.0,São Pedro do Iguaçu,47.4,Alta
5219605,2025,0,0.0,GO,71946,False,0,0,False,False,,0.0,0.0,Santa Tereza de Goiás,47.4,Alta
3516200,2025,0,0.0,SP,72108,False,0,0,False,False,,0.0,0.0,Franca,47.4,Alta
2307254,2025,0,0.0,CE,72485,False,0,0,False,False,,0.0,0.0,Jijoca de Jericoacoara,47.4,Alta
3306206,2025,0,0.0,RJ,71790,False,0,0,False,False,,0.0,0.0,Vassouras,47.4,Alta
2911808,2025,0,0.0,BA,69161,False,0,0,False,False,,0.0,0.0,Guaratinga,47.3,Alta
3550407,2025,1,0.749,SP,81983,True,4,3,True,False,81983.0,0.0091,1.22,São Pedro,47.3,Alta
2407500,2025,0,0.0,RN,69703,False,0,0,False,False,,0.0,0.0,Maxaranguape,47.3,Alta
1504109,2025,0,0.0,PA,69871,False,0,0,False,False,,0.0,0.0,Magalhães Barata,47.3,Alta
3540804,2025,0,0.0,SP,69001,False,0,0,False,False,,0.0,0.0,Potirendaba,47.3,Alta
3545001,2025,0,0.0,SP,70412,False,0,0,False,False,,0.0,0.0,Salesópolis,47.3,Alta
3525706,2025,1,0.99,SP,96160,True,4,3,True,False,96160.0,0.0103,1.04,José Bonifácio,47.3,Alta
2108504,2025,0,0.0,MA,69679,False,0,0,False,False,,0.0,0.0,Pindaré-Mirim,47.3,Alta
3535507,2025,0,0.0,SP,68969,False,0,0,False,False,,0.0,0.0,Paraguaçu Paulista,47.3,Alta
3547007,2025,1,0.749,SP,81535,True,4,3,True,False,81535.0,0.0092,1.23,Santa Maria da Serra,47.3,Alta
2603702,2025,0,0.0,PE,69929,False,0,0,False,False,,0.0,0.0,Canhotinho,47.3,Alta
2313955,2025,0,0.0,CE,70283,False,0,0,False,False,,0.0,0.0,Varjota,47.3,Alta
3501202,2025,0,0.0,SP,70338,False,0,0,False,False,,0.0,0.0,Álvares Florence,47.3,Alta
4300604,2025,2,3.163,RS,104830,True,5,3,True,False,52415.0,0.0302,1.91,Alvorada,47.3,Alta
4205407,2025,87,90.135,SC,2254754,True,91,4,True,False,25917.0,0.04,3.86,Florianópolis,47.3,Alta
3305554,2025,0,0.0,RJ,69069,False,0,0,False,False,,0.0,0.0,Seropédica,47.3,Alta
3552908,2025,0,0.0,SP,68310,False,0,0,False,False,,0.0,0.0,Taciba,47.3,Alta
3532504,2025,9,4.92,SP,313128,True,13,4,True,False,34792.0,0.0157,2.87,Neves Paulista,47.3,Alta
3532058,2025,0,0.0,SP,67928,False,0,0,False,False,,0.0,0.0,Motuca,47.2,Alta
2613107,2025,0,0.0,PE,67877,False,0,0,False,False,,0.0,0.0,São Caetano,47.2,Alta
2926004,2025,0,0.0,BA,67588,False,0,0,False,False,,0.0,0.0,Remanso,47.2,Alta
3503950,2025,2,1.164,SP,115855,True,5,3,True,False,57928.0,0.01,1.73,Aspásia,47.2,Alta
2922730,2025,0,0.0,BA,65985,False,0,0,False,False,,0.0,0.0,Nova Fátima,47.2,Alta
1506302,2025,0,0.0,PA,66495,False,0,0,False,False,,0.0,0.0,Salvaterra,47.2,Alta
3301603,2025,0,0.0,RJ,65976,False,0,0,False,False,,0.0,0.0,Duas Barras,47.2,Alta
3503208,2025,1,0.774,SP,82436,True,4,3,True,False,82436.0,0.0094,1.21,Araraquara,47.2,Alta
2609303,2025,0,0.0,PE,65914,False,0,0,False,False,,0.0,0.0,Mirandiba,47.2,Alta
4124202,2025,0,0.0,PR,65502,False,0,0,False,False,,0.0,0.0,Santo Antônio do Caiuá,47.2,Alta
3523909,2025,0,0.0,SP,66734,False,0,0,False,False,,0.0,0.0,Itu,47.2,Alta
2305803,2025,0,0.0,CE,66463,False,0,0,False,False,,0.0,0.0,Ipu,47.2,Alta
3204203,2025,0,0.0,ES,65920,False,0,0,False,False,,0.0,0.0,Piúma,47.2,Alta
3554755,2025,0,0.0,SP,67122,False,0,0,False,False,,0.0,0.0,Trabiju,47.2,Alta
3544301,2025,0,0.0,SP,66940,False,0,0,False,False,,0.0,0.0,Roseira,47.2,Alta
2602605,2025,3,2.079,PE,142290,True,6,3,True,False,47430.0,0.0146,2.11,Brejo da Madre de Deus,47.2,Alta
4202875,2025,0,0.0,SC,66166,False,0,0,False,False,,0.0,0.0,Brunópolis,47.2,Alta
2925931,2025,0,0.0,BA,63885,False,0,0,False,False,,0.0,0.0,Quixabeira,47.1,Alta
1500131,2025,0,0.0,PA,65187,False,0,0,False,False,,0.0,0.0,Abel Figueiredo,47.1,Média
2313500,2025,0,0.0,CE,64778,False,0,0,False,False,,0.0,0.0,Trairi,47.1,Alta
1504703,2025,0,0.0,PA,63845,False,0,0,False,False,,0.0,0.0,Moju,47.1,Alta
2308708,2025,0,0.0,CE,63084,False,0,0,False,False,,0.0,0.0,Morada Nova,47.1,Alta
1101302,2025,0,0.0,RO,63584,False,0,0,False,False,,0.0,0.0,Mirante da Serra,47.1,Alta
1100809,2025,0,0.0,RO,63584,False,0,0,False,False,,0.0,0.0,Candeias do Jamari,47.1,Alta
4320008,2025,0,0.0,RS,65382,False,0,0,False,False,,0.0,0.0,Sapucaia do Sul,47.1,Alta
5220405,2025,0,0.0,GO,65036,False,0,0,False,False,,0.0,0.0,São Simão,47.1,Alta
1100288,2025,0,0.0,RO,63584,False,0,0,False,False,,0.0,0.0,Rolim de Moura,47.1,Alta
1100262,2025,0,0.0,RO,63584,False,0,0,False,False,,0.0,0.0,Rio Crespo,47.1,Alta
4313409,2025,0,0.0,RS,65056,False,0,0,False,False,,0.0,0.0,Novo Hamburgo,47.1,Alta
4211751,2025,0,0.0,SC,63677,False,0,0,False,False,,0.0,0.0,Otacílio Costa,47.1,Alta
2103174,2025,0,0.0,MA,63230,False,0,0,False,False,,0.0,0.0,Centro Novo do Maranhão,47.1,Alta
3510500,2025,0,0.0,SP,64807,False,0,0,False,False,,0.0,0.0,Caraguatatuba,47.1,Alta
3111606,2025,0,0.0,MG,63006,False,0,0,False,False,,0.0,0.0,Campos Gerais,47.1,Média
1100056,2025,0,0.0,RO,63584,False,0,0,False,False,,0.0,0.0,Cerejeiras,47.1,Alta
3303906,2025,0,0.0,RJ,63026,False,0,0,False,False,,0.0,0.0,Petrópolis,47.1,Alta
2105989,2025,0,0.0,MA,64644,False,0,0,False,False,,0.0,0.0,Lajeado Novo,47.1,Alta
4323754,2025,0,0.0,RS,62106,False,0,0,False,False,,0.0,0.0,Vitória das Missões,47.0,Média
5218300,2025,0,0.0,GO,61414,False,0,0,False,False,,0.0,0.0,Posse,47.0,Média
3527256,2025,0,0.0,SP,62728,False,0,0,False,False,,0.0,0.0,Lourdes,47.0,Média
5007935,2025,0,0.0,MS,60903,False,0,0,False,False,,0.0,0.0,Sonora,47.0,Média
4216107,2025,0,0.0,SC,60616,False,0,0,False,False,,0.0,0.0,São Domingos,47.0,Média
5215702,2025,0,0.0,GO,62694,False,0,0,False,False,,0.0,0.0,Palmeiras de Goiás,47.0,Média
4123105,2025,0,0.0,PR,62386,False,0,0,False,False,,0.0,0.0,Santa Amélia,47.0,Média
4208708,2025,0,0.0,SC,62515,False,0,0,False,False,,0.0,0.0,Jacinto Machado,47.0,Média
2313351,2025,0,0.0,CE,62666,False,0,0,False,False,,0.0,0.0,Tejuçuoca,47.0,Média
3543907,2025,2,1.151,SP,113310,True,5,3,True,False,56655.0,0.0102,1.77,Rio Claro,47.0,Média
3534005,2025,1,0.865,SP,85634,True,4,3,True,False,85634.0,0.0101,1.17,Onda Verde,47.0,Média
2918100,2025,0,0.0,BA,60451,False,0,0,False,False,,0.0,0.0,Jeremoabo,46.9,Média
3526308,2025,0,0.0,SP,59685,False,0,0,False,False,,0.0,0.0,Lagoinha,46.9,Média
4204194,2025,0,0.0,SC,59785,False,0,0,False,False,,0.0,0.0,Chapadão do Lageado,46.9,Média
1718303,2025,0,0.0,TO,60458,False,0,0,False,False,,0.0,0.0,Praia Norte,46.9,Média
4101705,2025,0,0.0,PR,58962,False,0,0,False,False,,0.0,0.0,Araruna,46.9,Média
3514601,2025,1,0.951,SP,90685,True,4,3,True,False,90685.0,0.0105,1.1,Dumont,46.9,Média
3204609,2025,0,0.0,ES,58617,False,0,0,False,False,,0.0,0.0,Santa Teresa,46.9,Média
4308052,2025,0,0.0,RS,58297,False,0,0,False,False,,0.0,0.0,Faxinalzinho,46.9,Média
2204006,2025,0,0.0,PI,58880,False,0,0,False,False,,0.0,0.0,Francinópolis,46.9,Média
2930204,2025,0,0.0,BA,59305,False,0,0,False,False,,0.0,0.0,Sento Sé,46.9,Média
3552403,2025,0,0.0,SP,60476,False,0,0,False,False,,0.0,0.0,Sumaré,46.9,Média
2901155,2025,0,0.0,BA,59384,False,0,0,False,False,,0.0,0.0,América Dourada,46.9,Média
2103703,2025,0,0.0,MA,60053,False,0,0,False,False,,0.0,0.0,Cururupu,46.9,Média
2803005,2025,1,1.745,SE,88426,True,4,3,True,False,88426.0,0.0197,1.13,Itabaianinha,46.9,Média
2925808,2025,0,0.0,BA,59279,False,0,0,False,False,,0.0,0.0,Queimadas,46.9,Média
2611804,2025,0,0.0,PE,59951,False,0,0,False,False,,0.0,0.0,Ribeirão,46.9,Média
3303203,2025,0,0.0,RJ,58741,False,0,0,False,False,,0.0,0.0,Nilópolis,46.9,Média
1304237,2025,0,0.0,AM,57255,False,0,0,False,False,,0.0,0.0,Tonantins,46.8,Média
2414506,2025,0,0.0,RN,57047,False,0,0,False,False,,0.0,0.0,Umarizal,46.8,Média
1300839,2025,0,0.0,AM,56359,False,0,0,False,False,,0.0,0.0,Caapiranga,46.8,Média
2108108,2025,0,0.0,MA,57749,False,0,0,False,False,,0.0,0.0,Paulo Ramos,46.8,Média
5205703,2025,0,0.0,GO,57191,False,0,0,False,False,,0.0,0.0,Córrego do Ouro,46.8,Média
5203203,2025,0,0.0,GO,56746,False,0,0,False,False,,0.0,0.0,Barro Alto,46.8,Média
5004809,2025,0,0.0,MS,56416,False,0,0,False,False,,0.0,0.0,Japorã,46.8,Média
3149903,2025,0,0.0,MG,56343,False,0,0,False,False,,0.0,0.0,Perdões,46.8,Média
4315172,2025,0,0.0,RS,57894,False,0,0,False,False,,0.0,0.0,Protásio Alves,46.8,Média
3301850,2025,0,0.0,RJ,56788,False,0,0,False,False,,0.0,0.0,Guapimirim,46.8,Média
3507159,2025,0,0.0,SP,56527,False,0,0,False,False,,0.0,0.0,Bom Sucesso de Itararé,46.8,Média
4210050,2025,0,0.0,SC,56234,False,0,0,False,False,,0.0,0.0,Macieira,46.8,Média
3526902,2025,0,0.0,SP,58175,False,0,0,False,False,,0.0,0.0,Limeira,46.8,Média
3533809,2025,0,0.0,SP,57205,False,0,0,False,False,,0.0,0.0,Óleo,46.8,Média
1505007,2025,0,0.0,PA,56980,False,0,0,False,False,,0.0,0.0,Nova Timboteua,46.8,Média
3203700,2025,0,0.0,ES,55011,False,0,0,False,False,,0.0,0.0,Muniz Freire,46.7,Média
2932200,2025,0,0.0,BA,55411,False,0,0,False,False,,0.0,0.0,Ubaitaba,46.7,Média
3124500,2025,0,0.0,MG,55495,False,0,0,False,False,,0.0,0.0,Estiva,46.7,Média
4213351,2025,0,0.0,SC,54626,False,0,0,False,False,,0.0,0.0,Ponte Alta do Norte,46.7,Média
4120358,2025,0,0.0,PR,54649,False,0,0,False,False,,0.0,0.0,Pranchita,46.7,Média
5107404,2025,0,0.0,MT,55830,False,0,0,False,False,,0.0,0.0,São Pedro da Cipa,46.7,Média
3540408,2025,0,0.0,SP,54826,False,0,0,False,False,,0.0,0.0,Populina,46.7,Média
5218003,2025,0,0.0,GO,54040,False,0,0,False,False,,0.0,0.0,Porangatu,46.7,Média
5108303,2025,0,0.0,MT,54268,False,0,0,False,False,,0.0,0.0,União do Sul,46.7,Média
3304904,2025,1,0.707,RJ,88210,True,4,3,True,False,88210.0,0.008,1.13,São Gonçalo,46.7,Média
3157005,2025,0,0.0,MG,55481,False,0,0,False,False,,0.0,0.0,Salinas,46.7,Média
2608453,2025,0,0.0,PE,55049,False,0,0,False,False,,0.0,0.0,Lagoa do Carro,46.7,Média
2600708,2025,3,1.746,PE,125242,True,6,3,True,False,41747.0,0.0139,2.4,Aliança,46.7,Média
2312106,2025,0,0.0,CE,56047,False,0,0,False,False,,0.0,0.0,Santana do Cariri,46.7,Média
3506102,2025,0,0.0,SP,54310,False,0,0,False,False,,0.0,0.0,Bebedouro,46.7,Média
4117305,2025,0,0.0,PR,55926,False,0,0,False,False,,0.0,0.0,Ortigueira,46.7,Média
2603108,2025,0,0.0,PE,55160,False,0,0,False,False,,0.0,0.0,Cachoeirinha,46.7,Média
3530805,2025,0,0.0,SP,52659,False,0,0,False,False,,0.0,0.0,Mogi Mirim,46.6,Média
2514453,2025,0,0.0,PB,53761,False,0,0,False,False,,0.0,0.0,São José dos Ramos,46.6,Média
5007976,2025,0,0.0,MS,52770,False,0,0,False,False,,0.0,0.0,Taquarussu,46.6,Média
3553658,2025,0,0.0,SP,53275,False,0,0,False,False,,0.0,0.0,Taquaral,46.6,Média
4100905,2025,0,0.0,PR,53824,False,0,0,False,False,,0.0,0.0,Amaporã,46.6,Média
3509007,2025,0,0.0,SP,52981,False,0,0,False,False,,0.0,0.0,Caieiras,46.6,Média
3540309,2025,0,0.0,SP,52787,False,0,0,False,False,,0.0,0.0,Pontes Gestal,46.6,Média
1101435,2025,0,0.0,RO,52419,False,0,0,False,False,,0.0,0.0,Nova União,46.6,Média
5209804,2025,0,0.0,GO,53791,False,0,0,False,False,,0.0,0.0,Hidrolina,46.6,Média
3544608,2025,0,0.0,SP,52486,False,0,0,False,False,,0.0,0.0,Sabino,46.6,Média
2410900,2025,0,0.0,RN,52105,False,0,0,False,False,,0.0,0.0,Riachuelo,46.6,Média
4320651,2025,0,0.0,RS,53450,False,0,0,False,False,,0.0,0.0,Silveira Martins,46.6,Média
3141009,2025,0,0.0,MG,53597,False,0,0,False,False,,0.0,0.0,Mato Verde,46.6,Média
2304202,2025,0,0.0,CE,52559,False,0,0,False,False,,0.0,0.0,Crato,46.6,Média
1503606,2025,0,0.0,PA,53500,False,0,0,False,False,,0.0,0.0,Itaituba,46.6,Média
2201150,2025,0,0.0,PI,52136,False,0,0,False,False,,0.0,0.0,Baixa Grande do Ribeiro,46.6,Média
2512747,2025,0,0.0,PB,52290,False,0,0,False,False,,0.0,0.0,Riachão,46.6,Média
3539806,2025,0,0.0,SP,52211,False,0,0,False,False,,0.0,0.0,Poá,46.6,Média
5005681,2025,0,0.0,MS,51602,False,0,0,False,False,,0.0,0.0,Mundo Novo,46.5,Média
3542701,2025,0,0.0,SP,51819,False,0,0,False,False,,0.0,0.0,Restinga,46.5,Média
2408201,2025,0,0.0,RN,51443,False,0,0,False,False,,0.0,0.0,Nísia Floresta,46.5,Média
2702306,2025,0,0.0,AL,50371,False,0,0,False,False,,0.0,0.0,Coruripe,46.5,Média
4118402,2025,0,0.0,PR,50136,False,0,0,False,False,,0.0,0.0,Paranavaí,46.5,Média
5105234,2025,0,0.0,MT,51485,False,0,0,False,False,,0.0,0.0,Lambari D'Oeste,46.5,Média
4304101,2025,0,0.0,RS,50663,False,0,0,False,False,,0.0,0.0,Campos Borges,46.5,Média
5104609,2025,0,0.0,MT,50223,False,0,0,False,False,,0.0,0.0,Itiquira,46.5,Média
1100122,2025,0,0.0,RO,50437,False,0,0,False,False,,0.0,0.0,Ji-Paraná,46.5,Média
1503804,2025,0,0.0,PA,51613,False,0,0,False,False,,0.0,0.0,Jacundá,46.5,Média
3524600,2025,0,0.0,SP,51790,False,0,0,False,False,,0.0,0.0,Jacupiranga,46.5,Média
1100338,2025,0,0.0,RO,51266,False,0,0,False,False,,0.0,0.0,Nova Mamoré,46.5,Média
1501451,2025,0,0.0,PA,51828,False,0,0,False,False,,0.0,0.0,Belterra,46.5,Média
1300631,2025,0,0.0,AM,50438,False,0,0,False,False,,0.0,0.0,Beruri,46.5,Média
1505304,2025,0,0.0,PA,51024,False,0,0,False,False,,0.0,0.0,Oriximiná,46.5,Média
3108800,2025,0,0.0,MG,51156,False,0,0,False,False,,0.0,0.0,Braúnas,46.5,Média
4125704,2025,0,0.0,PR,51185,False,0,0,False,False,,0.0,0.0,São Miguel do Iguaçu,46.5,Média
2104909,2025,0,0.0,MA,50364,False,0,0,False,False,,0.0,0.0,Guimarães,46.5,Média
2304301,2025,0,0.0,CE,51470,False,0,0,False,False,,0.0,0.0,Farias Brito,46.5,Média
2600302,2025,0,0.0,PE,49068,False,0,0,False,False,,0.0,0.0,Agrestina,46.4,Média
2308377,2025,0,0.0,CE,49308,False,0,0,False,False,,0.0,0.0,Miraíma,46.4,Média
4127809,2025,0,0.0,PR,49309,False,0,0,False,False,,0.0,0.0,Tomazina,46.4,Média
2105104,2025,0,0.0,MA,48494,False,0,0,False,False,,0.0,0.0,Icatu,46.4,Média
3515202,2025,0,0.0,SP,48466,False,0,0,False,False,,0.0,0.0,Estrela d'Oeste,46.4,Média
3202553,2025,3,2.975,ES,153420,True,7,4,True,False,51140.0,0.0194,1.96,Ibitirama,46.4,Média
3520806,2025,0,0.0,SP,48450,False,0,0,False,False,,0.0,0.0,Inúbia Paulista,46.4,Média
3516804,2025,0,0.0,SP,48948,False,0,0,False,False,,0.0,0.0,Gastão Vidigal,46.4,Média
3523107,2025,0,0.0,SP,48249,False,0,0,False,False,,0.0,0.0,Itaquaquecetuba,46.4,Média
1503044,2025,0,0.0,PA,48681,False,0,0,False,False,,0.0,0.0,Floresta do Araguaia,46.4,Média
3517109,2025,0,0.0,SP,48743,False,0,0,False,False,,0.0,0.0,Glicério,46.4,Média
2927002,2025,0,0.0,BA,48206,False,0,0,False,False,,0.0,0.0,Rio Real,46.4,Média
3528858,2025,0,0.0,SP,48146,False,0,0,False,False,,0.0,0.0,Marapoama,46.4,Média
3103603,2025,0,0.0,MG,49005,False,0,0,False,False,,0.0,0.0,Arantina,46.4,Média
5201306,2025,3,0.962,GO,122136,True,5,2,True,False,40712.0,0.0079,2.46,Anicuns,46.4,Média
3137403,2025,0,0.0,MG,48201,False,0,0,False,False,,0.0,0.0,Lagoa Dourada,46.4,Média
2704203,2025,0,0.0,AL,49631,False,0,0,False,False,,0.0,0.0,Limoeiro de Anadia,46.4,Média
2803302,2025,0,0.0,SE,48697,False,0,0,False,False,,0.0,0.0,Japaratuba,46.4,Média
2908705,2025,0,0.0,BA,49801,False,0,0,False,False,,0.0,0.0,Condeúba,46.4,Média
5219506,2025,0,0.0,GO,48800,False,0,0,False,False,,0.0,0.0,Santa Rosa de Goiás,46.4,Média
2505402,2025,0,0.0,PB,47514,False,0,0,False,False,,0.0,0.0,Desterro,46.3,Média
3535408,2025,0,0.0,SP,46393,False,0,0,False,False,,0.0,0.0,Panorama,46.3,Média
3303807,2025,0,0.0,RJ,47316,False,0,0,False,False,,0.0,0.0,Paraty,46.3,Média
1301100,2025,0,0.0,AM,47960,False,0,0,False,False,,0.0,0.0,Careiro,46.3,Média
4105201,2025,0,0.0,PR,47040,False,0,0,False,False,,0.0,0.0,Cerro Azul,46.3,Média
3305000,2025,0,0.0,RJ,46347,False,0,0,False,False,,0.0,0.0,São João da Barra,46.3,Média
3502705,2025,0,0.0,SP,47625,False,0,0,False,False,,0.0,0.0,Apiaí,46.3,Média
2601904,2025,0,0.0,PE,47418,False,0,0,False,False,,0.0,0.0,Bezerros,46.3,Média
3546306,2025,0,0.0,SP,46796,False,0,0,False,False,,0.0,0.0,Santa Cruz das Palmeiras,46.3,Média
3551207,2025,0,0.0,SP,46373,False,0,0,False,False,,0.0,0.0,Sarutaiá,46.3,Média
3136603,2025,0,0.0,MG,46278,False,0,0,False,False,,0.0,0.0,Nova União,46.3,Média
3543402,2025,0,0.0,SP,47299,False,0,0,False,False,,0.0,0.0,Ribeirão Preto,46.3,Média
5204953,2025,0,0.0,GO,47425,False,0,0,False,False,,0.0,0.0,Campos Verdes,46.3,Média
3541802,2025,0,0.0,SP,46552,False,0,0,False,False,,0.0,0.0,Queiroz,46.3,Média
3546405,2025,0,0.0,SP,47385,False,0,0,False,False,,0.0,0.0,Santa Cruz do Rio Pardo,46.3,Média
3108503,2025,0,0.0,MG,46964,False,0,0,False,False,,0.0,0.0,Botumirim,46.3,Média
4115739,2025,2,0.673,PR,88313,True,4,2,True,False,44156.0,0.0076,2.26,Mato Rico,46.3,Média
3536703,2025,0,0.0,SP,46773,False,0,0,False,False,,0.0,0.0,Pederneiras,46.3,Média
2106003,2025,0,0.0,MA,47775,False,0,0,False,False,,0.0,0.0,Lima Campos,46.3,Média
1505809,2025,0,0.0,PA,44592,False,0,0,False,False,,0.0,0.0,Portel,46.2,Média
4313201,2025,0,0.0,RS,45393,False,0,0,False,False,,0.0,0.0,Nova Petrópolis,46.2,Média
2703908,2025,0,0.0,AL,46226,False,0,0,False,False,,0.0,0.0,Jundiá,46.2,Média
3509106,2025,0,0.0,SP,45242,False,0,0,False,False,,0.0,0.0,Caiuá,46.2,Média
2608750,2025,0,0.0,PE,45646,False,0,0,False,False,,0.0,0.0,Lagoa Grande,46.2,Média
5204250,2025,0,0.0,GO,45634,False,0,0,False,False,,0.0,0.0,Cachoeira Dourada,46.2,Média
3164209,2025,0,0.0,MG,45050,False,0,0,False,False,,0.0,0.0,São Romão,46.2,Média
2301505,2025,0,0.0,CE,45226,False,0,0,False,False,,0.0,0.0,Arneiroz,46.2,Média
5000807,2025,0,0.0,MS,45973,False,0,0,False,False,,0.0,0.0,Anaurilândia,46.2,Média
2205524,2025,0,0.0,PI,44699,False,0,0,False,False,,0.0,0.0,Júlio Borges,46.2,Média
3537008,2025,0,0.0,SP,45754,False,0,0,False,False,,0.0,0.0,Pedregulho,46.2,Média
2806206,2025,0,0.0,SE,45366,False,0,0,False,False,,0.0,0.0,Salgado,46.2,Média
3522158,2025,0,0.0,SP,45301,False,0,0,False,False,,0.0,0.0,Itaóca,46.2,Média
3512209,2025,0,0.0,SP,45121,False,0,0,False,False,,0.0,0.0,Conchal,46.2,Média
4321477,2025,0,0.0,RS,44116,False,0,0,False,False,,0.0,0.0,Tiradentes do Sul,46.1,Média
3300456,2025,1,1.489,RJ,111307,True,5,4,True,False,111307.0,0.0134,0.9,Belford Roxo,46.1,Média
3547106,2025,0,0.0,SP,43202,False,0,0,False,False,,0.0,0.0,Santa Mercedes,46.1,Média
3510203,2025,0,0.0,SP,43581,False,0,0,False,False,,0.0,0.0,Capão Bonito,46.1,Média
5215900,2025,0,0.0,GO,44003,False,0,0,False,False,,0.0,0.0,Palminópolis,46.1,Média
5219753,2025,0,0.0,GO,43900,False,0,0,False,False,,0.0,0.0,Santo Antônio do Descoberto,46.1,Média
5107925,2025,0,0.0,MT,43882,False,0,0,False,False,,0.0,0.0,Sorriso,46.1,Média
4115101,2025,0,0.0,PR,43262,False,0,0,False,False,,0.0,0.0,Mariluz,46.1,Média
1304302,2025,0,0.0,AM,43704,False,0,0,False,False,,0.0,0.0,Urucará,46.1,Média
2613305,2025,0,0.0,PE,43028,False,0,0,False,False,,0.0,0.0,São Joaquim do Monte,46.1,Média
2919959,2025,0,0.0,BA,44116,False,0,0,False,False,,0.0,0.0,Maetinga,46.1,Média
2601805,2025,0,0.0,PE,42934,False,0,0,False,False,,0.0,0.0,Betânia,46.1,Média
2903904,2025,2,0.58,BA,91328,True,4,2,True,False,45664.0,0.0064,2.19,Bom Jesus da Lapa,46.1,Média
2701704,2025,0,0.0,AL,43747,False,0,0,False,False,,0.0,0.0,Capela,46.1,Média
3539004,2025,0,0.0,SP,43675,False,0,0,False,False,,0.0,0.0,Pirangi,46.1,Média
3537800,2025,0,0.0,SP,44205,False,0,0,False,False,,0.0,0.0,Piedade,46.1,Média
1303601,2025,0,0.0,AM,43195,False,0,0,False,False,,0.0,0.0,Santa Isabel do Rio Negro,46.1,Média
2508208,2025,0,0.0,PB,43772,False,0,0,False,False,,0.0,0.0,Lagoa de Dentro,46.1,Média
3514304,2025,0,0.0,SP,44388,False,0,0,False,False,,0.0,0.0,Dourado,46.1,Média
3533700,2025,0,0.0,SP,43806,False,0,0,False,False,,0.0,0.0,Ocauçu,46.1,Média
4215455,2025,0,0.0,SC,43112,False,0,0,False,False,,0.0,0.0,Sangão,46.1,Média
5004106,2025,0,0.0,MS,44140,False,0,0,False,False,,0.0,0.0,Guia Lopes da Laguna,46.1,Média
2602704,2025,4,2.491,PE,155781,True,7,3,True,False,38945.0,0.016,2.57,Buenos Aires,46.1,Média
2111250,2025,0,0.0,MA,43435,False,0,0,False,False,,0.0,0.0,São José dos Basílios,46.1,Média
2304350,2025,0,0.0,CE,41685,False,0,0,False,False,,0.0,0.0,Forquilha,46.0,Média
5208004,2025,0,0.0,GO,42690,False,0,0,False,False,,0.0,0.0,Formosa,46.0,Média
3552304,2025,0,0.0,SP,41907,False,0,0,False,False,,0.0,0.0,Sud Mennucci,46.0,Média
2407401,2025,0,0.0,RN,41418,False,0,0,False,False,,0.0,0.0,Martins,46.0,Média
1508308,2025,0,0.0,PA,42557,False,0,0,False,False,,0.0,0.0,Viseu,46.0,Média
3203502,2025,0,0.0,ES,42173,False,0,0,False,False,,0.0,0.0,Montanha,46.0,Média
3101508,2025,0,0.0,MG,41608,False,0,0,False,False,,0.0,0.0,Além Paraíba,46.0,Média
3524501,2025,0,0.0,SP,42715,False,0,0,False,False,,0.0,0.0,Jaci,46.0,Média
4204558,2025,0,0.0,SC,41616,False,0,0,False,False,,0.0,0.0,Correia Pinto,46.0,Média
2306256,2025,0,0.0,CE,42725,False,0,0,False,False,,0.0,0.0,Itaitinga,46.0,Média
2613008,2025,0,0.0,PE,41685,False,0,0,False,False,,0.0,0.0,São Bento do Una,46.0,Média
1303809,2025,0,0.0,AM,42601,False,0,0,False,False,,0.0,0.0,São Gabriel da Cachoeira,46.0,Média
2703809,2025,0,0.0,AL,42233,False,0,0,False,False,,0.0,0.0,Joaquim Gomes,46.0,Média
2310605,2025,0,0.0,CE,42160,False,0,0,False,False,,0.0,0.0,Penaforte,46.0,Média
1506559,2025,0,0.0,PA,42152,False,0,0,False,False,,0.0,0.0,Santa Luzia do Pará,46.0,Média
2301901,2025,0,0.0,CE,41237,False,0,0,False,False,,0.0,0.0,Barbalha,46.0,Média
3517307,2025,0,0.0,SP,42592,False,0,0,False,False,,0.0,0.0,Guaimbê,46.0,Média
3550001,2025,0,0.0,SP,42830,False,0,0,False,False,,0.0,0.0,São Luiz do Paraitinga,46.0,Média
3509502,2025,0,0.0,SP,41627,False,0,0,False,False,,0.0,0.0,Campinas,46.0,Média
3169000,2025,0,0.0,MG,40369,False,0,0,False,False,,0.0,0.0,Tocantins,45.9,Média
4314555,2025,0,0.0,RS,40139,False,0,0,False,False,,0.0,0.0,Pirapó,45.9,Média
4206900,2025,0,0.0,SC,40292,False,0,0,False,False,,0.0,0.0,Ibirama,45.9,Média
1100205,2025,14,7.699,RO,410562,True,17,3,True,False,29326.0,0.0188,3.41,Porto Velho,45.9,Média
3545209,2025,0,0.0,SP,40373,False,0,0,False,False,,0.0,0.0,Salto,45.9,Média
3540101,2025,0,0.0,SP,39745,False,0,0,False,False,,0.0,0.0,Pongaí,45.9,Média
3201803,2025,0,0.0,ES,40847,False,0,0,False,False,,0.0,0.0,Divino de São Lourenço,45.9,Média
2302503,2025,0,0.0,CE,39986,False,0,0,False,False,,0.0,0.0,Brejo Santo,45.9,Média
2706406,2025,0,0.0,AL,40156,False,0,0,False,False,,0.0,0.0,Pão de Açúcar,45.9,Média
4304358,2025,0,0.0,RS,40032,False,0,0,False,False,,0.0,0.0,Candiota,45.9,Média
3511102,2025,0,0.0,SP,40523,False,0,0,False,False,,0.0,0.0,Catanduva,45.9,Média
4318481,2025,0,0.0,RS,40915,False,0,0,False,False,,0.0,0.0,São José do Hortêncio,45.9,Média
5102637,2025,0,0.0,MT,40821,False,0,0,False,False,,0.0,0.0,Campo Novo do Parecis,45.9,Média
3115102,2025,0,0.0,MG,40855,False,0,0,False,False,,0.0,0.0,Cássia,45.9,Média
3300209,2025,0,0.0,RJ,40120,False,0,0,False,False,,0.0,0.0,Araruama,45.9,Média
3506359,2025,0,0.0,SP,41207,False,0,0,False,False,,0.0,0.0,Bertioga,45.9,Média
2901007,2025,0,0.0,BA,41096,False,0,0,False,False,,0.0,0.0,Amargosa,45.9,Média
2702405,2025,0,0.0,AL,40758,False,0,0,False,False,,0.0,0.0,Delmiro Gouveia,45.9,Média
2602209,2025,0,0.0,PE,39452,False,0,0,False,False,,0.0,0.0,Bom Jardim,45.8,Média
1600212,2025,0,0.0,AP,38761,False,0,0,False,False,,0.0,0.0,Cutias,45.8,Média
2505303,2025,0,0.0,PB,38414,False,0,0,False,False,,0.0,0.0,Curral Velho,45.8,Média
1506161,2025,0,0.0,PA,38219,False,0,0,False,False,,0.0,0.0,Rio Maria,45.8,Média
1600535,2025,0,0.0,AP,38761,False,0,0,False,False,,0.0,0.0,Porto Grande,45.8,Média
2308104,2025,0,0.0,CE,38327,False,0,0,False,False,,0.0,0.0,Mauriti,45.8,Média
1600550,2025,0,0.0,AP,38761,False,0,0,False,False,,0.0,0.0,Pracuúba,45.8,Média
2404309,2025,0,0.0,RN,39101,False,0,0,False,False,,0.0,0.0,Governador Dix-Sept Rosado,45.8,Média
3126802,2025,0,0.0,MG,39133,False,0,0,False,False,,0.0,0.0,Frei Gaspar,45.8,Média
2702603,2025,0,0.0,AL,38678,False,0,0,False,False,,0.0,0.0,Feira Grande,45.8,Média
1600238,2025,0,0.0,AP,38761,False,0,0,False,False,,0.0,0.0,Ferreira Gomes,45.8,Média
2701605,2025,0,0.0,AL,39508,False,0,0,False,False,,0.0,0.0,Canapi,45.8,Média
1600204,2025,0,0.0,AP,38761,False,0,0,False,False,,0.0,0.0,Calçoene,45.8,Média
2203602,2025,2,1.678,PI,90932,True,4,2,True,False,45466.0,0.0185,2.2,Eliseu Martins,45.8,Média
1505494,2025,2,1.281,PA,102158,True,5,3,True,False,51079.0,0.0125,1.96,Palestina do Pará,45.8,Média
2504108,2025,0,0.0,PB,39231,False,0,0,False,False,,0.0,0.0,Carrapateira,45.8,Média
4119202,2025,0,0.0,PR,39165,False,0,0,False,False,,0.0,0.0,Pinhalão,45.8,Média
4314308,2025,0,0.0,RS,38180,False,0,0,False,False,,0.0,0.0,Pejuçara,45.8,Média
5103353,2025,0,0.0,MT,39355,False,0,0,False,False,,0.0,0.0,Confresa,45.8,Média
3553203,2025,0,0.0,SP,39619,False,0,0,False,False,,0.0,0.0,Taiúva,45.8,Média
1600709,2025,0,0.0,AP,38761,False,0,0,False,False,,0.0,0.0,Tartarugalzinho,45.8,Média
1505502,2025,0,0.0,PA,38772,False,0,0,False,False,,0.0,0.0,Paragominas,45.8,Média
3506805,2025,0,0.0,SP,39177,False,0,0,False,False,,0.0,0.0,Bocaina,45.8,Média
1600055,2025,0,0.0,AP,38761,False,0,0,False,False,,0.0,0.0,Serra do Navio,45.8,Média
4103107,2025,0,0.0,PR,39661,False,0,0,False,False,,0.0,0.0,Bocaiúva do Sul,45.8,Média
1600105,2025,0,0.0,AP,38761,False,0,0,False,False,,0.0,0.0,Amapá,45.8,Média
2301257,2025,0,0.0,CE,39649,False,0,0,False,False,,0.0,0.0,Ararendá,45.8,Média
2501005,2025,0,0.0,PB,36886,False,0,0,False,False,,0.0,0.0,Araruna,45.7,Média
3101607,2025,0,0.0,MG,37978,False,0,0,False,False,,0.0,0.0,Alfenas,45.7,Média
3502754,2025,0,0.0,SP,37548,False,0,0,False,False,,0.0,0.0,Araçariguama,45.7,Média
4102109,2025,0,0.0,PR,37454,False,0,0,False,False,,0.0,0.0,Astorga,45.7,Média
4102505,2025,0,0.0,PR,38133,False,0,0,False,False,,0.0,0.0,Barbosa Ferraz,45.7,Média
2900405,2025,0,0.0,BA,37352,False,0,0,False,False,,0.0,0.0,Água Fria,45.7,Média
5100409,2025,0,0.0,MT,37041,False,0,0,False,False,,0.0,0.0,Alto Garças,45.7,Média
3200409,2025,0,0.0,ES,37222,False,0,0,False,False,,0.0,0.0,Anchieta,45.7,Média
3500501,2025,0,0.0,SP,37030,False,0,0,False,False,,0.0,0.0,Águas de Lindóia,45.7,Média
2309409,2025,0,0.0,CE,36984,False,0,0,False,False,,0.0,0.0,Novo Oriente,45.7,Média
2507705,2025,0,0.0,PB,37948,False,0,0,False,False,,0.0,0.0,Juazeirinho,45.7,Média
4119806,2025,0,0.0,PR,36802,False,0,0,False,False,,0.0,0.0,Planalto,45.7,Média
2908606,2025,2,0.679,BA,91691,True,4,2,True,False,45846.0,0.0074,2.18,Conde,45.7,Média
2919108,2025,0,0.0,BA,37864,False,0,0,False,False,,0.0,0.0,Lamarão,45.7,Média
5219712,2025,0,0.0,GO,36960,False,0,0,False,False,,0.0,0.0,Santo Antônio da Barra,45.7,Média
2906402,2025,0,0.0,BA,37829,False,0,0,False,False,,0.0,0.0,Candeal,45.7,Média
2701209,2025,0,0.0,AL,38032,False,0,0,False,False,,0.0,0.0,Cacimbinhas,45.7,Média
3169208,2025,0,0.0,MG,38044,False,0,0,False,False,,0.0,0.0,Tombos,45.7,Média
3129202,2025,0,0.0,MG,37265,False,0,0,False,False,,0.0,0.0,Heliodora,45.7,Média
3527306,2025,0,0.0,SP,36884,False,0,0,False,False,,0.0,0.0,Louveira,45.7,Média
4107504,2025,0,0.0,PR,37049,False,0,0,False,False,,0.0,0.0,Engenheiro Beltrão,45.7,Média
2605608,2025,0,0.0,PE,37625,False,0,0,False,False,,0.0,0.0,Flores,45.7,Média
4116950,2025,0,0.0,PR,37813,False,0,0,False,False,,0.0,0.0,Nova Esperança do Sudoeste,45.7,Média
3140704,2025,0,0.0,MG,36992,False,0,0,False,False,,0.0,0.0,Mateus Leme,45.7,Média
4210605,2025,0,0.0,SC,37623,False,0,0,False,False,,0.0,0.0,Massaranduba,45.7,Média
5213772,2025,0,0.0,GO,37471,False,0,0,False,False,,0.0,0.0,Montividiu do Norte,45.7,Média
5214051,2025,0,0.0,GO,36969,False,0,0,False,False,,0.0,0.0,Mundo Novo,45.7,Média
1101757,2025,0,0.0,RO,36085,False,0,0,False,False,,0.0,0.0,Vale do Anari,45.6,Média
2100832,2025,0,0.0,MA,35973,False,0,0,False,False,,0.0,0.0,Apicum-Açu,45.6,Média
1400407,2025,0,0.0,RR,35428,False,0,0,False,False,,0.0,0.0,Normandia,45.6,Média
2500502,2025,0,0.0,PB,35383,False,0,0,False,False,,0.0,0.0,Alagoinha,45.6,Média
3205200,2025,0,0.0,ES,36311,False,0,0,False,False,,0.0,0.0,Vila Velha,45.6,Média
4219200,2025,0,0.0,SC,35569,False,0,0,False,False,,0.0,0.0,Vidal Ramos,45.6,Média
1400050,2025,0,0.0,RR,35428,False,0,0,False,False,,0.0,0.0,Alto Alegre,45.6,Média
2100873,2025,0,0.0,MA,36417,False,0,0,False,False,,0.0,0.0,Araguanã,45.6,Média
1400456,2025,0,0.0,RR,35428,False,0,0,False,False,,0.0,0.0,Pacaraima,45.6,Média
1400282,2025,0,0.0,RR,35428,False,0,0,False,False,,0.0,0.0,Iracema,45.6,Média
3545803,2025,5,2.253,SP,183105,True,8,3,True,False,36621.0,0.0123,2.73,Santa Bárbara d'Oeste,45.6,Média
4315453,2025,0,0.0,RS,35851,False,0,0,False,False,,0.0,0.0,Relvado,45.6,Média
4313656,2025,0,0.0,RS,35824,False,0,0,False,False,,0.0,0.0,Palmares do Sul,45.6,Média
3156452,2025,0,0.0,MG,35675,False,0,0,False,False,,0.0,0.0,Rosário da Limeira,45.6,Média
1100031,2025,0,0.0,RO,35945,False,0,0,False,False,,0.0,0.0,Cabixi,45.6,Média
2929305,2025,0,0.0,BA,36711,False,0,0,False,False,,0.0,0.0,São Gonçalo dos Campos,45.6,Média
1400209,2025,0,0.0,RR,35428,False,0,0,False,False,,0.0,0.0,Caracaraí,45.6,Média
2513109,2025,0,0.0,PB,36159,False,0,0,False,False,,0.0,0.0,Salgado de São Félix,45.6,Média
3203346,2025,0,0.0,ES,35900,False,0,0,False,False,,0.0,0.0,Marechal Floriano,45.6,Média
3556800,2025,0,0.0,SP,36469,False,0,0,False,False,,0.0,0.0,Viradouro,45.6,Média
1504752,2025,0,0.0,PA,35867,False,0,0,False,False,,0.0,0.0,Mojuí dos Campos,45.6,Média
2206308,2025,0,0.0,PI,35471,False,0,0,False,False,,0.0,0.0,Miguel Leão,45.6,Média
1506583,2025,0,0.0,PA,35701,False,0,0,False,False,,0.0,0.0,Santa Maria das Barreiras,45.6,Média
2924108,2025,0,0.0,BA,36510,False,0,0,False,False,,0.0,0.0,Pedrão,45.6,Média
3538709,2025,0,0.0,SP,35659,False,0,0,False,False,,0.0,0.0,Piracicaba,45.6,Média
3115805,2025,0,0.0,MG,36059,False,0,0,False,False,,0.0,0.0,Centralina,45.6,Média
4105607,2025,0,0.0,PR,36475,False,0,0,False,False,,0.0,0.0,Cidade Gaúcha,45.6,Média
1400233,2025,0,0.0,RR,35428,False,0,0,False,False,,0.0,0.0,Caroebe,45.6,Média
4113734,2025,0,0.0,PR,35626,False,0,0,False,False,,0.0,0.0,Luiziana,45.6,Média
2303709,2025,0,0.0,CE,35617,False,0,0,False,False,,0.0,0.0,Caucaia,45.6,Média
4303400,2025,0,0.0,RS,36703,False,0,0,False,False,,0.0,0.0,Caiçara,45.6,Média
3549201,2025,0,0.0,SP,35545,False,0,0,False,False,,0.0,0.0,São João das Duas Pontes,45.6,Média
2103208,2025,0,0.0,MA,35520,False,0,0,False,False,,0.0,0.0,Chapadinha,45.6,Média
3304607,2025,0,0.0,RJ,35646,False,0,0,False,False,,0.0,0.0,Santa Maria Madalena,45.6,Média
2509404,2025,0,0.0,PB,36441,False,0,0,False,False,,0.0,0.0,Mogeiro,45.6,Média
1100148,2025,0,0.0,RO,36004,False,0,0,False,False,,0.0,0.0,Nova Brasilândia D'Oeste,45.6,Média
3200201,2025,0,0.0,ES,34900,False,0,0,False,False,,0.0,0.0,Alegre,45.5,Média
2300101,2025,0,0.0,CE,35191,False,0,0,False,False,,0.0,0.0,Abaiara,45.5,Média
3533502,2025,0,0.0,SP,34348,False,0,0,False,False,,0.0,0.0,Novo Horizonte,45.5,Média
1508159,2025,0,0.0,PA,35277,False,0,0,False,False,,0.0,0.0,Uruará,45.5,Média
2107308,2025,0,0.0,MA,35202,False,0,0,False,False,,0.0,0.0,Nova Iorque,45.5,Média
1200138,2025,0,0.0,AC,34144,False,0,0,False,False,,0.0,0.0,Bujari,45.5,Média
3554953,2025,0,0.0,SP,34063,False,0,0,False,False,,0.0,0.0,Tuiuti,45.5,Média
4218400,2025,0,0.0,SC,34792,False,0,0,False,False,,0.0,0.0,Treze de Maio,45.5,Média
1200252,2025,0,0.0,AC,34144,False,0,0,False,False,,0.0,0.0,Epitaciolândia,45.5,Média
2913606,2025,0,0.0,BA,34526,False,0,0,False,False,,0.0,0.0,Ilhéus,45.5,Média
3513900,2025,0,0.0,SP,35087,False,0,0,False,False,,0.0,0.0,Divinolândia,45.5,Média
5207253,2025,0,0.0,GO,35009,False,0,0,False,False,,0.0,0.0,Doverlândia,45.5,Média
3529658,2025,0,0.0,SP,34584,False,0,0,False,False,,0.0,0.0,Mesópolis,45.5,Média
4313011,2025,0,0.0,RS,34741,False,0,0,False,False,,0.0,0.0,Nova Candelária,45.5,Média
1200385,2025,0,0.0,AC,34032,False,0,0,False,False,,0.0,0.0,Plácido de Castro,45.5,Média
5103361,2025,0,0.0,MT,34582,False,0,0,False,False,,0.0,0.0,Conquista D'Oeste,45.5,Média
2907905,2025,0,0.0,BA,35272,False,0,0,False,False,,0.0,0.0,Cipó,45.5,Média
4312609,2025,0,0.0,RS,35114,False,0,0,False,False,,0.0,0.0,Muçum,45.5,Média
2609501,2025,0,0.0,PE,34116,False,0,0,False,False,,0.0,0.0,Nazaré da Mata,45.5,Média
2911907,2025,0,0.0,BA,34610,False,0,0,False,False,,0.0,0.0,Iaçu,45.5,Média
3547650,2025,0,0.0,SP,34910,False,0,0,False,False,,0.0,0.0,Santa Salete,45.5,Média
1200344,2025,0,0.0,AC,34144,False,0,0,False,False,,0.0,0.0,Manoel Urbano,45.5,Média
2603504,2025,0,0.0,PE,34511,False,0,0,False,False,,0.0,0.0,Camocim de São Félix,45.5,Média
2310407,2025,0,0.0,CE,34102,False,0,0,False,False,,0.0,0.0,Paramoti,45.5,Média
3543105,2025,0,0.0,SP,34195,False,0,0,False,False,,0.0,0.0,Ribeirão Corrente,45.5,Média
1100049,2025,0,0.0,RO,35041,False,0,0,False,False,,0.0,0.0,Cacoal,45.5,Média
3508009,2025,0,0.0,SP,33018,False,0,0,False,False,,0.0,0.0,Buri,45.4,Média
5107008,2025,0,0.0,MT,33936,False,0,0,False,False,,0.0,0.0,Poxoréu,45.4,Média
2410504,2025,0,0.0,RN,33132,False,0,0,False,False,,0.0,0.0,Rafael Fernandes,45.4,Média
2606101,2025,0,0.0,PE,32873,False,0,0,False,False,,0.0,0.0,Glória do Goitá,45.4,Média
4201901,2025,0,0.0,SC,33919,False,0,0,False,False,,0.0,0.0,Aurora,45.4,Média
3504909,2025,0,0.0,SP,33602,False,0,0,False,False,,0.0,0.0,Bananal,45.4,Média
4100806,2025,0,0.0,PR,33719,False,0,0,False,False,,0.0,0.0,Alvorada do Sul,45.4,Média
2931707,2025,0,0.0,BA,33340,False,0,0,False,False,,0.0,0.0,Terra Nova,45.4,Média
2100956,2025,0,0.0,MA,33810,False,0,0,False,False,,0.0,0.0,Arame,45.4,Média
3200102,2025,0,0.0,ES,33558,False,0,0,False,False,,0.0,0.0,Afonso Cláudio,45.4,Média
3513108,2025,0,0.0,SP,33365,False,0,0,False,False,,0.0,0.0,Cravinhos,45.4,Média
4106852,2025,0,0.0,PR,32774,False,0,0,False,False,,0.0,0.0,Cruzmaltina,45.4,Média
1301902,2025,0,0.0,AM,33674,False,0,0,False,False,,0.0,0.0,Itacoatiara,45.4,Média
2917102,2025,0,0.0,BA,33966,False,0,0,False,False,,0.0,0.0,Itororó,45.4,Média
5005103,2025,0,0.0,MS,32890,False,0,0,False,False,,0.0,0.0,Jateí,45.4,Média
2607901,2025,0,0.0,PE,32923,False,0,0,False,False,,0.0,0.0,Jaboatão dos Guararapes,45.4,Média
2304269,2025,0,0.0,CE,33273,False,0,0,False,False,,0.0,0.0,Deputado Irapuan Pinheiro,45.4,Média
3148806,2025,0,0.0,MG,33404,False,0,0,False,False,,0.0,0.0,Pedra do Anta,45.4,Média
5204854,2025,0,0.0,GO,33577,False,0,0,False,False,,0.0,0.0,Campo Limpo de Goiás,45.4,Média
3523206,2025,0,0.0,SP,32996,False,0,0,False,False,,0.0,0.0,Itararé,45.4,Média
3534104,2025,0,0.0,SP,33044,False,0,0,False,False,,0.0,0.0,Oriente,45.4,Média
1506609,2025,0,0.0,PA,32964,False,0,0,False,False,,0.0,0.0,Santa Maria do Pará,45.4,Média
3108206,2025,0,0.0,MG,33106,False,0,0,False,False,,0.0,0.0,Bonfinópolis de Minas,45.4,Média
1718204,2025,0,0.0,TO,33886,False,0,0,False,False,,0.0,0.0,Porto Nacional,45.4,Média
2704609,2025,0,0.0,AL,33372,False,0,0,False,False,,0.0,0.0,Maravilha,45.4,Média
2613800,2025,0,0.0,PE,33644,False,0,0,False,False,,0.0,0.0,São Vicente Ferrer,45.4,Média
5204706,2025,0,0.0,GO,32831,False,0,0,False,False,,0.0,0.0,Campinorte,45.4,Média
1600279,2025,0,0.0,AP,33593,False,0,0,False,False,,0.0,0.0,Laranjal do Jari,45.4,Média
3150901,2025,2,1.15,MG,87170,True,4,2,True,False,43585.0,0.0132,2.29,Piranguçu,45.4,Média
3528205,2025,0,0.0,SP,33413,False,0,0,False,False,,0.0,0.0,Macedônia,45.4,Média
4114906,2025,0,0.0,PR,31655,False,0,0,False,False,,0.0,0.0,Marilândia do Sul,45.3,Média
3172103,2025,0,0.0,MG,31682,False,0,0,False,False,,0.0,0.0,Volta Grande,45.3,Média
2500403,2025,0,0.0,PB,31487,False,0,0,False,False,,0.0,0.0,Alagoa Nova,45.3,Média
2313203,2025,0,0.0,CE,32231,False,0,0,False,False,,0.0,0.0,Tamboril,45.3,Média
2800506,2025,0,0.0,SE,31625,False,0,0,False,False,,0.0,0.0,Areia Branca,45.3,Média
3555000,2025,1,1.256,SP,92430,True,4,3,True,False,92430.0,0.0136,1.08,Tupã,45.3,Média
2932507,2025,0,0.0,BA,31567,False,0,0,False,False,,0.0,0.0,Una,45.3,Média
2509156,2025,0,0.0,PB,32207,False,0,0,False,False,,0.0,0.0,Marizópolis,45.3,Média
4128302,2025,0,0.0,PR,32496,False,0,0,False,False,,0.0,0.0,Uniflor,45.3,Média
2511905,2025,0,0.0,PB,32316,False,0,0,False,False,,0.0,0.0,Pitimbu,45.3,Média
3138005,2025,0,0.0,MG,32684,False,0,0,False,False,,0.0,0.0,Laranjal,45.3,Média
3115706,2025,0,0.0,MG,31613,False,0,0,False,False,,0.0,0.0,Central de Minas,45.3,Média
3523008,2025,0,0.0,SP,31892,False,0,0,False,False,,0.0,0.0,Itapura,45.3,Média
3135407,2025,0,0.0,MG,32327,False,0,0,False,False,,0.0,0.0,Jeceaba,45.3,Média
4208955,2025,0,0.0,SC,32394,False,0,0,False,False,,0.0,0.0,Jardinópolis,45.3,Média
3521606,2025,0,0.0,SP,31730,False,0,0,False,False,,0.0,0.0,Irapuru,45.3,Média
3124708,2025,0,0.0,MG,31577,False,0,0,False,False,,0.0,0.0,Estrela do Indaiá,45.3,Média
4103222,2025,0,0.0,PR,32420,False,0,0,False,False,,0.0,0.0,Bom Sucesso do Sul,45.3,Média
2311702,2025,0,0.0,CE,32435,False,0,0,False,False,,0.0,0.0,Reriutaba,45.3,Média
3521150,2025,0,0.0,SP,31618,False,0,0,False,False,,0.0,0.0,Ipiguá,45.3,Média
3125309,2025,0,0.0,MG,31810,False,0,0,False,False,,0.0,0.0,Faria Lemos,45.3,Média
4205209,2025,0,0.0,SC,32208,False,0,0,False,False,,0.0,0.0,Erval Velho,45.3,Média
4202057,2025,0,0.0,SC,30381,False,0,0,False,False,,0.0,0.0,Balneário Barra do Sul,45.2,Média
5000252,2025,0,0.0,MS,30644,False,0,0,False,False,,0.0,0.0,Alcinópolis,45.2,Média
3556107,2025,0,0.0,SP,30358,False,0,0,False,False,,0.0,0.0,Valentim Gentil,45.2,Média
2700706,2025,0,0.0,AL,31024,False,0,0,False,False,,0.0,0.0,Batalha,45.2,Média
2501609,2025,0,0.0,PB,30518,False,0,0,False,False,,0.0,0.0,Barra de Santa Rosa,45.2,Média
2916104,2025,0,0.0,BA,31470,False,0,0,False,False,,0.0,0.0,Itaparica,45.2,Média
3528502,2025,0,0.0,SP,30994,False,0,0,False,False,,0.0,0.0,Mairiporã,45.2,Média
3526605,2025,0,0.0,SP,30909,False,0,0,False,False,,0.0,0.0,Lavrinhas,45.2,Média
2310852,2025,0,0.0,CE,30491,False,0,0,False,False,,0.0,0.0,Pindoretama,45.2,Média
3146750,2025,0,0.0,MG,31351,False,0,0,False,False,,0.0,0.0,Palmópolis,45.2,Média
3524808,2025,0,0.0,SP,30512,False,0,0,False,False,,0.0,0.0,Jales,45.2,Média
4106704,2025,0,0.0,PR,31482,False,0,0,False,False,,0.0,0.0,Cruzeiro do Sul,45.2,Média
3202801,2025,0,0.0,ES,30523,False,0,0,False,False,,0.0,0.0,Itapemirim,45.2,Média
2508554,2025,0,0.0,PB,30350,False,0,0,False,False,,0.0,0.0,Logradouro,45.2,Média
4214300,2025,0,0.0,SC,30573,False,0,0,False,False,,0.0,0.0,Rancho Queimado,45.2,Média
4123709,2025,0,0.0,PR,31416,False,0,0,False,False,,0.0,0.0,Santa Isabel do Ivaí,45.2,Média
4207205,2025,0,0.0,SC,30676,False,0,0,False,False,,0.0,0.0,Imaruí,45.2,Média
3520004,2025,0,0.0,SP,30738,False,0,0,False,False,,0.0,0.0,Igaraçu do Tietê,45.2,Média
5210158,2025,0,0.0,GO,31341,False,0,0,False,False,,0.0,0.0,Ipiranga de Goiás,45.2,Média
1303908,2025,0,0.0,AM,31355,False,0,0,False,False,,0.0,0.0,São Paulo de Olivença,45.2,Média
2104404,2025,0,0.0,MA,31101,False,0,0,False,False,,0.0,0.0,Gonçalves Dias,45.2,Média
4316402,2025,0,0.0,RS,31173,False,0,0,False,False,,0.0,0.0,Rosário do Sul,45.2,Média
3500402,2025,0,0.0,SP,29244,False,0,0,False,False,,0.0,0.0,Águas da Prata,45.1,Baixa
1504802,2025,1,1.143,PA,80352,True,4,3,True,False,80352.0,0.0142,1.24,Monte Alegre,45.1,Média
2109759,2025,0,0.0,MA,29721,False,0,0,False,False,,0.0,0.0,Santa Filomena do Maranhão,45.1,Média
3548054,2025,0,0.0,SP,29565,False,0,0,False,False,,0.0,0.0,Santo Antônio do Aracanguá,45.1,Média
2304954,2025,0,0.0,CE,29608,False,0,0,False,False,,0.0,0.0,Guaiúba,45.1,Média
3512308,2025,0,0.0,SP,29713,False,0,0,False,False,,0.0,0.0,Conchas,45.1,Média
3148707,2025,0,0.0,MG,29856,False,0,0,False,False,,0.0,0.0,Pedra Azul,45.1,Média
3138302,2025,0,0.0,MG,29485,False,0,0,False,False,,0.0,0.0,Leandro Ferreira,45.1,Média
4313706,2025,0,0.0,RS,29440,False,0,0,False,False,,0.0,0.0,Palmeira das Missões,45.1,Média
1301506,2025,2,1.582,AM,115407,True,5,3,True,False,57704.0,0.0137,1.73,Envira,45.1,Média
3144300,2025,0,0.0,MG,29764,False,0,0,False,False,,0.0,0.0,Nanuque,45.1,Média
3302502,2025,10,5.102,RJ,341522,True,14,4,True,False,34152.0,0.0149,2.93,Magé,45.1,Média
3554706,2025,0,0.0,SP,29233,False,0,0,False,False,,0.0,0.0,Torrinha,45.1,Média
3120300,2025,0,0.0,MG,29918,False,0,0,False,False,,0.0,0.0,Cristália,45.1,Média
3527801,2025,4,2.039,SP,155918,True,7,3,True,False,38980.0,0.0131,2.57,Lupércio,45.1,Média
3521200,2025,0,0.0,SP,29958,False,0,0,False,False,,0.0,0.0,Iporanga,45.1,Média
3131208,2025,0,0.0,MG,29791,False,0,0,False,False,,0.0,0.0,Ipanema,45.1,Média
5002803,2025,0,0.0,MS,29598,False,0,0,False,False,,0.0,0.0,Caracol,45.1,Média
2302602,2025,0,0.0,CE,29782,False,0,0,False,False,,0.0,0.0,Camocim,45.1,Média
2801405,2025,0,0.0,SE,29604,False,0,0,False,False,,0.0,0.0,Carira,45.1,Média
2102606,2025,0,0.0,MA,30023,False,0,0,False,False,,0.0,0.0,Cândido Mendes,45.1,Média
2915908,2025,0,0.0,BA,29519,False,0,0,False,False,,0.0,0.0,Itanagra,45.1,Média
5100201,2025,0,0.0,MT,28708,False,0,0,False,False,,0.0,0.0,Água Boa,45.0,Baixa
4123824,2025,0,0.0,PR,28946,False,0,0,False,False,,0.0,0.0,Santa Lúcia,45.0,Baixa
4219853,2025,3,2.051,SC,120911,True,5,2,True,False,40304.0,0.017,2.48,Zortéa,45.0,Baixa
5005707,2025,0,0.0,MS,28689,False,0,0,False,False,,0.0,0.0,Naviraí,45.0,Baixa
2107407,2025,0,0.0,MA,28140,False,0,0,False,False,,0.0,0.0,Olho d'Água das Cunhãs,45.0,Baixa
2202901,2025,0,0.0,PI,28704,False,0,0,False,False,,0.0,0.0,Corrente,45.0,Baixa
3555802,2025,0,0.0,SP,28095,False,0,0,False,False,,0.0,0.0,Urânia,45.0,Baixa
3204658,2025,0,0.0,ES,28321,False,0,0,False,False,,0.0,0.0,São Domingos do Norte,45.0,Baixa
4107538,2025,0,0.0,PR,28948,False,0,0,False,False,,0.0,0.0,Entre Rios do Oeste,45.0,Baixa
5208806,2025,0,0.0,GO,28444,False,0,0,False,False,,0.0,0.0,Goianira,45.0,Baixa
2109403,2025,0,0.0,MA,29033,False,0,0,False,False,,0.0,0.0,Primeira Cruz,45.0,Baixa
3204054,2025,0,0.0,ES,28982,False,0,0,False,False,,0.0,0.0,Pedro Canário,45.0,Baixa
3128501,2025,0,0.0,MG,28622,False,0,0,False,False,,0.0,0.0,Guarará,45.0,Baixa
2806008,2025,0,0.0,SE,28955,False,0,0,False,False,,0.0,0.0,Ribeirópolis,45.0,Baixa
3548807,2025,0,0.0,SP,28677,False,0,0,False,False,,0.0,0.0,São Caetano do Sul,45.0,Baixa
2923100,2025,0,0.0,BA,28361,False,0,0,False,False,,0.0,0.0,Olindina,45.0,Baixa
3116308,2025,0,0.0,MG,28401,False,0,0,False,False,,0.0,0.0,Cipotânea,45.0,Baixa
3512704,2025,0,0.0,SP,28057,False,0,0,False,False,,0.0,0.0,Corumbataí,45.0,Baixa
3159605,2025,0,0.0,MG,28876,False,0,0,False,False,,0.0,0.0,Santa Rita do Sapucaí,45.0,Baixa
2928406,2025,0,0.0,BA,28270,False,0,0,False,False,,0.0,0.0,Santa Rita de Cássia,45.0,Baixa
3167202,2025,5,7.227,MG,188893,True,8,3,True,False,37779.0,0.0383,2.65,Sete Lagoas,45.0,Baixa
5211206,2025,0,0.0,GO,29098,False,0,0,False,False,,0.0,0.0,Itapuranga,45.0,Baixa
3503109,2025,0,0.0,SP,29133,False,0,0,False,False,,0.0,0.0,Arandu,45.0,Baixa
2700508,2025,0,0.0,AL,28871,False,0,0,False,False,,0.0,0.0,Barra de Santo Antônio,45.0,Baixa
1702109,2025,0,0.0,TO,28796,False,0,0,False,False,,0.0,0.0,Araguaína,45.0,Baixa
3532868,2025,0,0.0,SP,28590,False,0,0,False,False,,0.0,0.0,Nova Castilho,45.0,Baixa
4311759,2025,0,0.0,RS,28647,False,0,0,False,False,,0.0,0.0,Manoel Viana,45.0,Baixa
2607307,2025,0,0.0,PE,29007,False,0,0,False,False,,0.0,0.0,Ipubi,45.0,Baixa
4126108,2025,0,0.0,PR,28559,False,0,0,False,False,,0.0,0.0,São Tomé,45.0,Baixa
4215406,2025,0,0.0,SC,27202,False,0,0,False,False,,0.0,0.0,Salto Veloso,44.9,Baixa
4128658,2025,0,0.0,PR,27187,False,0,0,False,False,,0.0,0.0,Virmond,44.9,Baixa
1504604,2025,0,0.0,PA,27680,False,0,0,False,False,,0.0,0.0,Mocajuba,44.9,Baixa
1506187,2025,0,0.0,PA,27552,False,0,0,False,False,,0.0,0.0,Rondon do Pará,44.9,Baixa
2513703,2025,0,0.0,PB,28015,False,0,0,False,False,,0.0,0.0,Santa Rita,44.9,Baixa
2910602,2025,0,0.0,BA,27500,False,0,0,False,False,,0.0,0.0,Esplanada,44.9,Baixa
2926806,2025,0,0.0,BA,27498,False,0,0,False,False,,0.0,0.0,Rio do Antônio,44.9,Baixa
3508801,2025,0,0.0,SP,27525,False,0,0,False,False,,0.0,0.0,Cafelândia,44.9,Baixa
2312403,2025,0,0.0,CE,27556,False,0,0,False,False,,0.0,0.0,São Gonçalo do Amarante,44.9,Baixa
2311306,2025,0,0.0,CE,27751,False,0,0,False,False,,0.0,0.0,Quixadá,44.9,Baixa
4303707,2025,0,0.0,RS,27468,False,0,0,False,False,,0.0,0.0,Campina das Missões,44.9,Baixa
5209705,2025,2,1.089,GO,91160,True,4,2,True,False,45580.0,0.0119,2.19,Hidrolândia,44.9,Baixa
4109807,2025,0,0.0,PR,27779,False,0,0,False,False,,0.0,0.0,Ibiporã,44.9,Baixa
2105203,2025,0,0.0,MA,27733,False,0,0,False,False,,0.0,0.0,Igarapé Grande,44.9,Baixa
3139805,2025,0,0.0,MG,27760,False,0,0,False,False,,0.0,0.0,Mar de Espanha,44.9,Baixa
3540606,2025,0,0.0,SP,27220,False,0,0,False,False,,0.0,0.0,Porto Feliz,44.9,Baixa
4202156,2025,0,0.0,SC,27236,False,0,0,False,False,,0.0,0.0,Belmonte,44.9,Baixa
3109808,2025,0,0.0,MG,27828,False,0,0,False,False,,0.0,0.0,Cachoeira Dourada,44.9,Baixa
5220108,2025,0,0.0,GO,27374,False,0,0,False,False,,0.0,0.0,São Luís de Montes Belos,44.9,Baixa
5214101,2025,0,0.0,GO,27309,False,0,0,False,False,,0.0,0.0,Mutunópolis,44.9,Baixa
3303401,2025,0,0.0,RJ,27984,False,0,0,False,False,,0.0,0.0,Nova Friburgo,44.9,Baixa
1300409,2025,0,0.0,AM,27979,False,0,0,False,False,,0.0,0.0,Barcelos,44.9,Baixa
4113601,2025,0,0.0,PR,27757,False,0,0,False,False,,0.0,0.0,Lobato,44.9,Baixa
2602100,2025,0,0.0,PE,26058,False,0,0,False,False,,0.0,0.0,Bom Conselho,44.8,Baixa
3300258,2025,5,2.183,RJ,195822,True,8,3,True,False,39164.0,0.0111,2.55,Arraial do Cabo,44.8,Baixa
4218756,2025,0,0.0,SC,26695,False,0,0,False,False,,0.0,0.0,Tunápolis,44.8,Baixa
4314753,2025,0,0.0,RS,26078,False,0,0,False,False,,0.0,0.0,Poço das Antas,44.8,Baixa
5213905,2025,0,0.0,GO,26681,False,0,0,False,False,,0.0,0.0,Mossâmedes,44.8,Baixa
3500709,2025,0,0.0,SP,25982,False,0,0,False,False,,0.0,0.0,Agudos,44.8,Baixa
1302108,2025,2,1.412,AM,105309,True,5,3,True,False,52654.0,0.0134,1.9,Japurá,44.8,Baixa
2922250,2025,0,0.0,BA,26950,False,0,0,False,False,,0.0,0.0,Muquém de São Francisco,44.8,Baixa
4107603,2025,0,0.0,PR,26241,False,0,0,False,False,,0.0,0.0,Faxinal,44.8,Baixa
2911006,2025,0,0.0,BA,26643,False,0,0,False,False,,0.0,0.0,Floresta Azul,44.8,Baixa
4105003,2025,0,0.0,PR,26089,False,0,0,False,False,,0.0,0.0,Catanduvas,44.8,Baixa
3204906,2025,0,0.0,ES,26069,False,0,0,False,False,,0.0,0.0,São Mateus,44.8,Baixa
1703800,2025,0,0.0,TO,26961,False,0,0,False,False,,0.0,0.0,Buriti do Tocantins,44.8,Baixa
3133808,2025,0,0.0,MG,26387,False,0,0,False,False,,0.0,0.0,Itaúna,44.8,Baixa
5210901,2025,0,0.0,GO,26467,False,0,0,False,False,,0.0,0.0,Itapaci,44.8,Baixa
2401800,2025,0,0.0,RN,26193,False,0,0,False,False,,0.0,0.0,Brejinho,44.8,Baixa
2111722,2025,0,0.0,MA,26524,False,0,0,False,False,,0.0,0.0,Satubinha,44.8,Baixa
5004304,2025,0,0.0,MS,26898,False,0,0,False,False,,0.0,0.0,Iguatemi,44.8,Baixa
4308805,2025,0,0.0,RS,26304,False,0,0,False,False,,0.0,0.0,General Câmara,44.8,Baixa
3158300,2025,0,0.0,MG,26621,False,0,0,False,False,,0.0,0.0,Santana da Vargem,44.8,Baixa
3302809,2025,2,0.996,RJ,100649,True,5,3,True,False,50324.0,0.0099,1.99,Mendes,44.8,Baixa
3140407,2025,0,0.0,MG,26915,False,0,0,False,False,,0.0,0.0,Marmelópolis,44.8,Baixa
2702553,2025,0,0.0,AL,26546,False,0,0,False,False,,0.0,0.0,Estrela de Alagoas,44.8,Baixa
1503002,2025,0,0.0,PA,26571,False,0,0,False,False,,0.0,0.0,Faro,44.8,Baixa
3151602,2025,0,0.0,MG,26198,False,0,0,False,False,,0.0,0.0,Planura,44.8,Baixa
2301703,2025,0,0.0,CE,25323,False,0,0,False,False,,0.0,0.0,Aurora,44.7,Baixa
2302008,2025,0,0.0,CE,25113,False,0,0,False,False,,0.0,0.0,Barro,44.7,Baixa
3507001,2025,0,0.0,SP,25289,False,0,0,False,False,,0.0,0.0,Boituva,44.7,Baixa
5008305,2025,0,0.0,MS,25918,False,0,0,False,False,,0.0,0.0,Três Lagoas,44.7,Baixa
3544707,2025,0,0.0,SP,25139,False,0,0,False,False,,0.0,0.0,Sagres,44.7,Baixa
3170438,2025,2,2.05,MG,99490,True,4,2,True,False,49745.0,0.0206,2.01,União de Minas,44.7,Baixa
2914109,2025,0,0.0,BA,25089,False,0,0,False,False,,0.0,0.0,Ipupiara,44.7,Baixa
2928000,2025,0,0.0,BA,25155,False,0,0,False,False,,0.0,0.0,Santaluz,44.7,Baixa
3511904,2025,0,0.0,SP,25587,False,0,0,False,False,,0.0,0.0,Clementina,44.7,Baixa
2101202,2025,0,0.0,MA,25265,False,0,0,False,False,,0.0,0.0,Bacabal,44.7,Baixa
3204401,2025,0,0.0,ES,25105,False,0,0,False,False,,0.0,0.0,Rio Novo do Sul,44.7,Baixa
3529203,2025,0,0.0,SP,25006,False,0,0,False,False,,0.0,0.0,Martinópolis,44.7,Baixa
4204756,2025,0,0.0,SC,25005,False,0,0,False,False,,0.0,0.0,Cunhataí,44.7,Baixa
4316709,2025,0,0.0,RS,25428,False,0,0,False,False,,0.0,0.0,Santa Bárbara do Sul,44.7,Baixa
3112208,2025,0,0.0,MG,25347,False,0,0,False,False,,0.0,0.0,Capela Nova,44.7,Baixa
3519006,2025,0,0.0,SP,25338,False,0,0,False,False,,0.0,0.0,Herculândia,44.7,Baixa
5210562,2025,0,0.0,GO,25435,False,0,0,False,False,,0.0,0.0,Itaguari,44.7,Baixa
4108957,2025,0,0.0,PR,25960,False,0,0,False,False,,0.0,0.0,Guamiranga,44.7,Baixa
4117271,2025,2,1.489,PR,94727,True,4,2,True,False,47364.0,0.0157,2.11,Nova Tebas,44.7,Baixa
2708808,2025,0,0.0,AL,24948,False,0,0,False,False,,0.0,0.0,São Sebastião,44.6,Baixa
5204508,2025,0,0.0,GO,24223,False,0,0,False,False,,0.0,0.0,Caldas Novas,44.6,Baixa
4125456,2025,0,0.0,PR,24669,False,0,0,False,False,,0.0,0.0,São José das Palmeiras,44.6,Baixa
2929503,2025,0,0.0,BA,24932,False,0,0,False,False,,0.0,0.0,São Sebastião do Passé,44.6,Baixa
2932457,2025,0,0.0,BA,24733,False,0,0,False,False,,0.0,0.0,Umburanas,44.6,Baixa
3101102,2025,0,0.0,MG,24903,False,0,0,False,False,,0.0,0.0,Aimorés,44.6,Baixa
2112100,2025,0,0.0,MA,24179,False,0,0,False,False,,0.0,0.0,Timbiras,44.6,Baixa
4310850,2025,0,0.0,RS,24234,False,0,0,False,False,,0.0,0.0,Jaboticaba,44.6,Baixa
2932804,2025,0,0.0,BA,24649,False,0,0,False,False,,0.0,0.0,Utinga,44.6,Baixa
3538006,2025,0,0.0,SP,24909,False,0,0,False,False,,0.0,0.0,Pindamonhangaba,44.6,Baixa
2204402,2025,0,0.0,PI,24180,False,0,0,False,False,,0.0,0.0,Gilbués,44.6,Baixa
2616506,2025,0,0.0,PE,24946,False,0,0,False,False,,0.0,0.0,Xexéu,44.6,Baixa
3532405,2025,0,0.0,SP,24824,False,0,0,False,False,,0.0,0.0,Nazaré Paulista,44.6,Baixa
2702355,2025,0,0.0,AL,24700,False,0,0,False,False,,0.0,0.0,Craíbas,44.6,Baixa
2612703,2025,0,0.0,PE,24080,False,0,0,False,False,,0.0,0.0,Santa Maria do Cambucá,44.6,Baixa
5102686,2025,0,0.0,MT,24486,False,0,0,False,False,,0.0,0.0,Campos de Júlio,44.6,Baixa
4204152,2025,0,0.0,SC,24672,False,0,0,False,False,,0.0,0.0,Celso Ramos,44.6,Baixa
2805703,2025,0,0.0,SE,24448,False,0,0,False,False,,0.0,0.0,Propriá,44.6,Baixa
4215901,2025,0,0.0,SC,24725,False,0,0,False,False,,0.0,0.0,São Bonifácio,44.6,Baixa
4113908,2025,0,0.0,PR,24451,False,0,0,False,False,,0.0,0.0,Mallet,44.6,Baixa
2916302,2025,0,0.0,BA,24434,False,0,0,False,False,,0.0,0.0,Itapebi,44.6,Baixa
4212270,2025,0,0.0,SC,24406,False,0,0,False,False,,0.0,0.0,Passos Maia,44.6,Baixa
4311254,2025,0,0.0,RS,24478,False,0,0,False,False,,0.0,0.0,Lagoão,44.6,Baixa
2413409,2025,0,0.0,RN,24285,False,0,0,False,False,,0.0,0.0,Serra Negra do Norte,44.6,Baixa
2501807,2025,0,0.0,PB,24502,False,0,0,False,False,,0.0,0.0,Bayeux,44.6,Baixa
4217600,2025,0,0.0,SC,24561,False,0,0,False,False,,0.0,0.0,Siderópolis,44.6,Baixa
5104559,2025,0,0.0,MT,24963,False,0,0,False,False,,0.0,0.0,Itaúba,44.6,Baixa
5212600,2025,0,0.0,GO,24942,False,0,0,False,False,,0.0,0.0,Mairipotaba,44.6,Baixa
4107108,2025,0,0.0,PR,24300,False,0,0,False,False,,0.0,0.0,Diamante do Norte,44.6,Baixa
3136520,2025,0,0.0,MG,24365,False,0,0,False,False,,0.0,0.0,José Gonçalves de Minas,44.6,Baixa
3534401,2025,0,0.0,SP,23994,False,0,0,False,False,,0.0,0.0,Osasco,44.5,Baixa
2309102,2025,0,0.0,CE,23371,False,0,0,False,False,,0.0,0.0,Mulungu,44.5,Baixa
2500809,2025,0,0.0,PB,23346,False,0,0,False,False,,0.0,0.0,Araçagi,44.5,Baixa
3537602,2025,0,0.0,SP,23497,False,0,0,False,False,,0.0,0.0,Peruíbe,44.5,Baixa
2508703,2025,0,0.0,PB,23379,False,0,0,False,False,,0.0,0.0,Mãe d'Água,44.5,Baixa
3106903,2025,0,0.0,MG,23895,False,0,0,False,False,,0.0,0.0,Bicas,44.5,Baixa
3534906,2025,0,0.0,SP,23594,False,0,0,False,False,,0.0,0.0,Pacaembu,44.5,Baixa
3201506,2025,0,0.0,ES,23218,False,0,0,False,False,,0.0,0.0,Colatina,44.5,Baixa
4202503,2025,0,0.0,SC,23642,False,0,0,False,False,,0.0,0.0,Bom Jardim da Serra,44.5,Baixa
5008404,2025,0,0.0,MS,23332,False,0,0,False,False,,0.0,0.0,Vicentina,44.5,Baixa
5106240,2025,0,0.0,MT,23497,False,0,0,False,False,,0.0,0.0,Nova Ubiratã,44.5,Baixa
4306957,2025,0,0.0,RS,23545,False,0,0,False,False,,0.0,0.0,Entre Rios do Sul,44.5,Baixa
3137502,2025,0,0.0,MG,23498,False,0,0,False,False,,0.0,0.0,Lagoa Formosa,44.5,Baixa
2107902,2025,0,0.0,MA,23977,False,0,0,False,False,,0.0,0.0,Passagem Franca,44.5,Baixa
3523800,2025,0,0.0,SP,23963,False,0,0,False,False,,0.0,0.0,Itobi,44.5,Baixa
2205409,2025,0,0.0,PI,23408,False,0,0,False,False,,0.0,0.0,Joaquim Pires,44.5,Baixa
2408904,2025,0,0.0,RN,23570,False,0,0,False,False,,0.0,0.0,Parelhas,44.5,Baixa
2411502,2025,0,0.0,RN,23964,False,0,0,False,False,,0.0,0.0,Santo Antônio,44.5,Baixa
4318499,2025,0,0.0,RS,23425,False,0,0,False,False,,0.0,0.0,São José do Inhacorá,44.5,Baixa
3550704,2025,0,0.0,SP,23186,False,0,0,False,False,,0.0,0.0,São Sebastião,44.5,Baixa
4210803,2025,0,0.0,SC,23240,False,0,0,False,False,,0.0,0.0,Meleiro,44.5,Baixa
3202702,2025,0,0.0,ES,23848,False,0,0,False,False,,0.0,0.0,Itaguaçu,44.5,Baixa
1501758,2025,0,0.0,PA,23231,False,0,0,False,False,,0.0,0.0,Brejo Grande do Araguaia,44.5,Baixa
4307104,2025,0,0.0,RS,23312,False,0,0,False,False,,0.0,0.0,Herval,44.5,Baixa
3304706,2025,1,0.895,RJ,82840,True,4,3,True,False,82840.0,0.0108,1.21,Santo Antônio de Pádua,44.5,Baixa
5202155,2025,0,0.0,GO,23335,False,0,0,False,False,,0.0,0.0,Araguapaz,44.5,Baixa
2201051,2025,0,0.0,PI,23690,False,0,0,False,False,,0.0,0.0,Assunção do Piauí,44.5,Baixa
3501509,2025,0,0.0,SP,23320,False,0,0,False,False,,0.0,0.0,Alvinlândia,44.5,Baixa
3306107,2025,0,0.0,RJ,23595,False,0,0,False,False,,0.0,0.0,Valença,44.5,Baixa
2709152,2025,0,0.0,AL,23525,False,0,0,False,False,,0.0,0.0,Teotônio Vilela,44.5,Baixa
2932606,2025,0,0.0,BA,22327,False,0,0,False,False,,0.0,0.0,Urandi,44.4,Baixa
2500577,2025,0,0.0,PB,22679,False,0,0,False,False,,0.0,0.0,Algodão de Jandaíra,44.4,Baixa
2206209,2025,0,0.0,PI,22832,False,0,0,False,False,,0.0,0.0,Miguel Alves,44.4,Baixa
2704708,2025,0,0.0,AL,22590,False,0,0,False,False,,0.0,0.0,Marechal Deodoro,44.4,Baixa
2110237,2025,0,0.0,MA,23047,False,0,0,False,False,,0.0,0.0,Santana do Maranhão,44.4,Baixa
4122172,2025,0,0.0,PR,23070,False,0,0,False,False,,0.0,0.0,Rio Branco do Ivaí,44.4,Baixa
2923407,2025,0,0.0,BA,22472,False,0,0,False,False,,0.0,0.0,Palmas de Monte Alto,44.4,Baixa
2108009,2025,0,0.0,MA,22527,False,0,0,False,False,,0.0,0.0,Pastos Bons,44.4,Baixa
4107306,2025,0,0.0,PR,22838,False,0,0,False,False,,0.0,0.0,Doutor Camargo,44.4,Baixa
2802106,2025,0,0.0,SE,22537,False,0,0,False,False,,0.0,0.0,Estância,44.4,Baixa
4312153,2025,0,0.0,RS,22957,False,0,0,False,False,,0.0,0.0,Mato Leitão,44.4,Baixa
2103125,2025,0,0.0,MA,23014,False,0,0,False,False,,0.0,0.0,Central do Maranhão,44.4,Baixa
2926657,2025,0,0.0,BA,22431,False,0,0,False,False,,0.0,0.0,Ribeirão do Largo,44.4,Baixa
2904803,2025,0,0.0,BA,22910,False,0,0,False,False,,0.0,0.0,Caatiba,44.4,Baixa
2915809,2025,0,0.0,BA,22606,False,0,0,False,False,,0.0,0.0,Itambé,44.4,Baixa
2924702,2025,0,0.0,BA,22748,False,0,0,False,False,,0.0,0.0,Piripá,44.4,Baixa
2310951,2025,0,0.0,CE,22978,False,0,0,False,False,,0.0,0.0,Pires Ferreira,44.4,Baixa
4217303,2025,0,0.0,SC,22575,False,0,0,False,False,,0.0,0.0,Saudades,44.4,Baixa
2101970,2025,2,1.286,MA,85092,True,4,2,True,False,42546.0,0.0151,2.35,Boa Vista do Gurupi,44.4,Baixa
5203104,2025,0,0.0,GO,22673,False,0,0,False,False,,0.0,0.0,Baliza,44.4,Baixa
2703700,2025,0,0.0,AL,23101,False,0,0,False,False,,0.0,0.0,Jaramataia,44.4,Baixa
2311801,2025,0,0.0,CE,22398,False,0,0,False,False,,0.0,0.0,Russas,44.4,Baixa
1507979,2025,2,0.703,PA,90731,True,4,2,True,False,45366.0,0.0077,2.2,Terra Santa,44.4,Baixa
2933109,2025,0,0.0,BA,22283,False,0,0,False,False,,0.0,0.0,Várzea do Poço,44.4,Baixa
3525003,2025,0,0.0,SP,23136,False,0,0,False,False,,0.0,0.0,Jandira,44.4,Baixa
4111605,2025,0,0.0,PR,22282,False,0,0,False,False,,0.0,0.0,Ivatuba,44.4,Baixa
3304102,2025,0,0.0,RJ,22616,False,0,0,False,False,,0.0,0.0,Porciúncula,44.4,Baixa
3159902,2025,0,0.0,MG,22429,False,0,0,False,False,,0.0,0.0,Santo Antônio do Amparo,44.4,Baixa
2906204,2025,0,0.0,BA,23128,False,0,0,False,False,,0.0,0.0,Canarana,44.4,Baixa
3551801,2025,0,0.0,SP,22763,False,0,0,False,False,,0.0,0.0,Sete Barras,44.4,Baixa
3141306,2025,0,0.0,MG,21951,False,0,0,False,False,,0.0,0.0,Medeiros,44.3,Baixa
2114007,2025,0,0.0,MA,21765,False,0,0,False,False,,0.0,0.0,Zé Doca,44.3,Baixa
2911303,2025,0,0.0,BA,21502,False,0,0,False,False,,0.0,0.0,Gentio do Ouro,44.3,Baixa
3159357,2025,0,0.0,MG,21700,False,0,0,False,False,,0.0,0.0,Santa Rita de Minas,44.3,Baixa
5213509,2025,0,0.0,GO,21596,False,0,0,False,False,,0.0,0.0,Monte Alegre de Goiás,44.3,Baixa
2605301,2025,0,0.0,PE,21548,False,0,0,False,False,,0.0,0.0,Exu,44.3,Baixa
4113254,2025,0,0.0,PR,21698,False,0,0,False,False,,0.0,0.0,Laranjal,44.3,Baixa
2702108,2025,0,0.0,AL,21960,False,0,0,False,False,,0.0,0.0,Colônia Leopoldina,44.3,Baixa
3503505,2025,0,0.0,SP,21455,False,0,0,False,False,,0.0,0.0,Areias,44.3,Baixa
2105450,2025,0,0.0,MA,21700,False,0,0,False,False,,0.0,0.0,Jatobá,44.3,Baixa
2105476,2025,0,0.0,MA,21859,False,0,0,False,False,,0.0,0.0,Jenipapo dos Vieiras,44.3,Baixa
2405405,2025,0,0.0,RN,21589,False,0,0,False,False,,0.0,0.0,Japi,44.3,Baixa
2404705,2025,0,0.0,RN,21551,False,0,0,False,False,,0.0,0.0,Ipanguaçu,44.3,Baixa
4101507,2025,0,0.0,PR,22047,False,0,0,False,False,,0.0,0.0,Arapongas,44.3,Baixa
3119609,2025,0,0.0,MG,21531,False,0,0,False,False,,0.0,0.0,Coronel Pacheco,44.3,Baixa
3107208,2025,0,0.0,MG,21908,False,0,0,False,False,,0.0,0.0,Bocaina de Minas,44.3,Baixa
3145109,2025,0,0.0,MG,21534,False,0,0,False,False,,0.0,0.0,Nova Resende,44.3,Baixa
2607950,2025,0,0.0,PE,21918,False,0,0,False,False,,0.0,0.0,Jaqueira,44.3,Baixa
1507961,2025,0,0.0,PA,22144,False,0,0,False,False,,0.0,0.0,Terra Alta,44.3,Baixa
3170909,2025,0,0.0,MG,21445,False,0,0,False,False,,0.0,0.0,Varzelândia,44.3,Baixa
3543501,2025,0,0.0,SP,21695,False,0,0,False,False,,0.0,0.0,Riversul,44.3,Baixa
3509254,2025,2,1.732,SP,113968,True,5,3,True,False,56984.0,0.0152,1.75,Cajati,44.3,Baixa
3116704,2025,0,0.0,MG,21998,False,0,0,False,False,,0.0,0.0,Coimbra,44.3,Baixa
2915205,2025,0,0.0,BA,22120,False,0,0,False,False,,0.0,0.0,Itagibá,44.3,Baixa
4320321,2025,0,0.0,RS,22103,False,0,0,False,False,,0.0,0.0,Senador Salgado Filho,44.3,Baixa
3522109,2025,0,0.0,SP,22079,False,0,0,False,False,,0.0,0.0,Itanhaém,44.3,Baixa
4120705,2025,0,0.0,PR,21546,False,0,0,False,False,,0.0,0.0,Quatiguá,44.3,Baixa
4206306,2025,0,0.0,SC,21947,False,0,0,False,False,,0.0,0.0,Guabiruba,44.3,Baixa
4106407,2025,0,0.0,PR,22164,False,0,0,False,False,,0.0,0.0,Cornélio Procópio,44.3,Baixa
2111029,2025,0,0.0,MA,21842,False,0,0,False,False,,0.0,0.0,São João do Carú,44.3,Baixa
1301852,2025,0,0.0,AM,20925,False,0,0,False,False,,0.0,0.0,Iranduba,44.2,Baixa
5216452,2025,0,0.0,GO,20891,False,0,0,False,False,,0.0,0.0,Perolândia,44.2,Baixa
5106778,2025,0,0.0,MT,20937,False,0,0,False,False,,0.0,0.0,Porto Alegre do Norte,44.2,Baixa
3505104,2025,0,0.0,SP,21191,False,0,0,False,False,,0.0,0.0,Barbosa,44.2,Baixa
3104809,2025,0,0.0,MG,20717,False,0,0,False,False,,0.0,0.0,Augusto de Lima,44.2,Baixa
5215603,2025,0,0.0,GO,20656,False,0,0,False,False,,0.0,0.0,Padre Bernardo,44.2,Baixa
5221403,2025,0,0.0,GO,20783,False,0,0,False,False,,0.0,0.0,Trindade,44.2,Baixa
2408409,2025,0,0.0,RN,20724,False,0,0,False,False,,0.0,0.0,Olho-d'Água do Borges,44.2,Baixa
3527504,2025,0,0.0,SP,21296,False,0,0,False,False,,0.0,0.0,Lucianópolis,44.2,Baixa
5008008,2025,0,0.0,MS,21225,False,0,0,False,False,,0.0,0.0,Terenos,44.2,Baixa
2105351,2025,0,0.0,MA,20867,False,0,0,False,False,,0.0,0.0,Itaipava do Grajaú,44.2,Baixa
4208450,2025,0,0.0,SC,20809,False,0,0,False,False,,0.0,0.0,Itapoá,44.2,Baixa
4207809,2025,0,0.0,SC,20855,False,0,0,False,False,,0.0,0.0,Irani,44.2,Baixa
5204201,2025,0,0.0,GO,20738,False,0,0,False,False,,0.0,0.0,Cachoeira de Goiás,44.2,Baixa
1302553,2025,3,3.303,AM,158165,True,7,4,True,False,52722.0,0.0209,1.9,Manaquiri,44.2,Baixa
1502756,2025,0,0.0,PA,21427,False,0,0,False,False,,0.0,0.0,Concórdia do Pará,44.2,Baixa
2312304,2025,0,0.0,CE,21224,False,0,0,False,False,,0.0,0.0,São Benedito,44.2,Baixa
2912905,2025,0,0.0,BA,20793,False,0,0,False,False,,0.0,0.0,Ibirataia,44.2,Baixa
3509700,2025,0,0.0,SP,21077,False,0,0,False,False,,0.0,0.0,Campos do Jordão,44.2,Baixa
4125357,2025,0,0.0,PR,21229,False,0,0,False,False,,0.0,0.0,São Jorge do Patrocínio,44.2,Baixa
2514602,2025,0,0.0,PB,20794,False,0,0,False,False,,0.0,0.0,São José do Bonfim,44.2,Baixa
2306553,2025,0,0.0,CE,20682,False,0,0,False,False,,0.0,0.0,Itarema,44.2,Baixa
1505486,2025,0,0.0,PA,21306,False,0,0,False,False,,0.0,0.0,Pacajá,44.2,Baixa
3516101,2025,0,0.0,SP,20944,False,0,0,False,False,,0.0,0.0,Florínia,44.2,Baixa
1302207,2025,0,0.0,AM,20628,False,0,0,False,False,,0.0,0.0,Juruá,44.2,Baixa
2918753,2025,0,0.0,BA,21010,False,0,0,False,False,,0.0,0.0,Lagoa Real,44.2,Baixa
2920205,2025,0,0.0,BA,20793,False,0,0,False,False,,0.0,0.0,Malhada,44.2,Baixa
5205471,2025,0,0.0,GO,20817,False,0,0,False,False,,0.0,0.0,Chapadão do Céu,44.2,Baixa
5208509,2025,0,0.0,GO,21084,False,0,0,False,False,,0.0,0.0,Goiandira,44.2,Baixa
5208400,2025,0,0.0,GO,20635,False,0,0,False,False,,0.0,0.0,Goianápolis,44.2,Baixa
3200169,2025,0,0.0,ES,21158,False,0,0,False,False,,0.0,0.0,Água Doce do Norte,44.2,Baixa
3144508,2025,0,0.0,MG,20352,False,0,0,False,False,,0.0,0.0,Nazareno,44.1,Baixa
2510006,2025,0,0.0,PB,20077,False,0,0,False,False,,0.0,0.0,Nazarezinho,44.1,Baixa
3143302,2025,0,0.0,MG,20209,False,0,0,False,False,,0.0,0.0,Montes Claros,44.1,Baixa
4106571,2025,0,0.0,PR,20518,False,0,0,False,False,,0.0,0.0,Cruzeiro do Iguaçu,44.1,Baixa
5106851,2025,0,0.0,MT,20583,False,0,0,False,False,,0.0,0.0,Porto Estrela,44.1,Baixa
3134707,2025,0,0.0,MG,20189,False,0,0,False,False,,0.0,0.0,Jacinto,44.1,Baixa
2606309,2025,0,0.0,PE,20137,False,0,0,False,False,,0.0,0.0,Granito,44.1,Baixa
2514305,2025,0,0.0,PB,20406,False,0,0,False,False,,0.0,0.0,São José de Caiana,44.1,Baixa
2303204,2025,0,0.0,CE,20558,False,0,0,False,False,,0.0,0.0,Caririaçu,44.1,Baixa
2402600,2025,0,0.0,RN,20254,False,0,0,False,False,,0.0,0.0,Ceará-Mirim,44.1,Baixa
1503309,2025,0,0.0,PA,20237,False,0,0,False,False,,0.0,0.0,Igarapé-Miri,44.1,Baixa
3519402,2025,1,1.471,SP,93196,True,4,3,True,False,93196.0,0.0158,1.07,Ibirá,44.1,Baixa
2603801,2025,0,0.0,PE,20378,False,0,0,False,False,,0.0,0.0,Capoeiras,44.1,Baixa
4109609,2025,0,0.0,PR,20273,False,0,0,False,False,,0.0,0.0,Guaratuba,44.1,Baixa
4121356,2025,0,0.0,PR,20420,False,0,0,False,False,,0.0,0.0,Rancho Alegre D'Oeste,44.1,Baixa
3510401,2025,2,0.807,SP,97679,True,4,2,True,False,48840.0,0.0083,2.05,Capivari,44.1,Baixa
4303103,2025,0,0.0,RS,20386,False,0,0,False,False,,0.0,0.0,Cachoeirinha,44.1,Baixa
2920403,2025,0,0.0,BA,20016,False,0,0,False,False,,0.0,0.0,Manoel Vitorino,44.1,Baixa
2923308,2025,0,0.0,BA,20411,False,0,0,False,False,,0.0,0.0,Ouriçangas,44.1,Baixa
3526100,2025,0,0.0,SP,20116,False,0,0,False,False,,0.0,0.0,Juquiá,44.1,Baixa
2401701,2025,0,0.0,RN,20144,False,0,0,False,False,,0.0,0.0,Bom Jesus,44.1,Baixa
3201001,2025,3,2.174,ES,128492,True,6,3,True,False,42831.0,0.0169,2.33,Boa Esperança,44.1,Baixa
3168606,2025,0,0.0,MG,20329,False,0,0,False,False,,0.0,0.0,Teófilo Otoni,44.1,Baixa
1504208,2025,6,5.724,PA,239518,True,10,4,True,False,39920.0,0.0239,2.51,Marabá,44.0,Baixa
1507904,2025,2,1.8,PA,108425,True,5,3,True,False,54212.0,0.0166,1.84,Soure,44.0,Baixa
2604908,2025,2,0.865,PE,84506,True,4,2,True,False,42253.0,0.0102,2.37,Cumaru,43.9,Baixa
5104500,2025,4,2.784,MT,146348,True,6,2,True,False,36587.0,0.019,2.73,Indiavaí,43.7,Baixa
3132701,2025,2,1.515,MG,80001,True,4,2,True,False,40000.0,0.0189,2.5,Itambacuri,43.7,Baixa
4127858,2025,2,1.307,PR,81218,True,4,2,True,False,40609.0,0.0161,2.46,Três Barras do Paraná,43.7,Baixa
2614105,2025,4,3.709,PE,160379,True,7,3,True,False,40095.0,0.0231,2.49,Sertânia,43.6,Baixa
4201307,2025,4,6.4,SC,155267,True,7,3,True,False,38817.0,0.0412,2.58,Araquari,43.6,Baixa
1600303,2025,3,3.45,AP,184369,True,8,5,True,False,61456.0,0.0187,1.63,Macapá,43.6,Baixa
3550902,2025,2,1.972,SP,117577,True,5,3,True,False,58788.0,0.0168,1.7,São Simão,43.5,Baixa
3536604,2025,2,0.843,SP,92877,True,4,2,True,False,46438.0,0.0091,2.15,Paulo de Faria,43.4,Baixa
2709301,2025,2,0.922,AL,86139,True,4,2,True,False,43070.0,0.0107,2.32,União dos Palmares,43.4,Baixa
3522703,2025,6,6.801,SP,250782,True,11,5,True,False,41797.0,0.0271,2.39,Itápolis,43.4,Baixa
3539509,2025,4,2.508,SP,155335,True,7,3,True,False,38834.0,0.0161,2.58,Pitangueiras,43.4,Baixa
3541000,2025,3,0.78,SP,103400,True,5,2,True,False,34467.0,0.0075,2.9,Praia Grande,43.2,Baixa
3201902,2025,4,1.699,ES,147215,True,6,2,True,False,36804.0,0.0115,2.72,Domingos Martins,43.1,Baixa
3203403,2025,0,0.213,ES,38266,False,0,0,False,False,,0.0056,0.0,Mimoso do Sul,43.1,Baixa
4116505,2025,2,2.073,PR,93089,True,4,2,True,False,46544.0,0.0223,2.15,Nova Aliança do Ivaí,43.0,Baixa
3505203,2025,11,5.528,SP,326436,True,14,3,True,False,29676.0,0.0169,3.37,Bariri,42.8,Baixa
3142106,2025,0,0.912,MG,49053,False,0,0,False,False,,0.0186,0.0,Miradouro,42.7,Baixa
3554201,2025,2,0.86,SP,87688,True,4,2,True,False,43844.0,0.0098,2.28,Tejupá,42.6,Baixa
3520707,2025,2,1.015,SP,93773,True,4,2,True,False,46886.0,0.0108,2.13,Indiaporã,42.5,Baixa
4301008,2025,0,0.571,RS,32155,False,0,0,False,False,,0.0178,0.0,Arroio do Meio,42.4,Baixa
2700805,2025,4,1.414,AL,125107,True,6,2,True,False,31277.0,0.0113,3.2,Belém,42.2,Baixa
1501204,2025,11,4.306,PA,324805,True,13,2,True,False,29528.0,0.0133,3.39,Baião,42.1,Baixa
3510104,2025,2,1.959,SP,105029,True,5,3,True,False,52514.0,0.0187,1.9,Cândido Rodrigues,42.0,Baixa
3304755,2025,4,1.216,RJ,140747,True,6,2,True,False,35187.0,0.0086,2.84,São Francisco de Itabapoana,41.9,Baixa
1502608,2025,2,1.137,PA,90168,True,4,2,True,False,45084.0,0.0126,2.22,Colares,41.9,Baixa
3300902,2025,7,3.612,RJ,241424,True,10,3,True,False,34489.0,0.015,2.9,Cambuci,41.7,Baixa
3554508,2025,2,0.999,SP,86200,True,4,2,True,False,43100.0,0.0116,2.32,Tietê,41.6,Baixa
2300309,2025,2,1.433,CE,93828,True,4,2,True,False,46914.0,0.0153,2.13,Acopiara,41.6,Baixa
3518305,2025,2,0.879,SP,80735,True,4,2,True,False,40368.0,0.0109,2.48,Guararema,41.5,Baixa
4205506,2025,0,0.469,SC,27896,False,0,0,False,False,,0.0168,0.0,Fraiburgo,41.4,Baixa
5105507,2025,3,2.229,MT,100147,True,5,2,True,False,33382.0,0.0223,3.0,Vila Bela da Santíssima Trindade,41.3,Baixa
4127957,2025,3,16.265,PR,173826,True,7,4,True,False,57942.0,0.0936,1.73,Tupãssi,41.3,Baixa
3305208,2025,3,1.197,RJ,121450,True,5,2,True,False,40483.0,0.0099,2.47,São Pedro da Aldeia,41.3,Baixa
1303700,2025,4,3.185,AM,158165,True,7,3,True,False,39541.0,0.0201,2.53,Santo Antônio do Içá,41.2,Baixa
5007802,2025,2,3.084,MS,110283,True,5,3,True,False,55142.0,0.028,1.81,Selvíria,41.2,Baixa
2304707,2025,2,2.749,CE,108936,True,5,3,True,False,54468.0,0.0252,1.84,Granja,41.1,Baixa
3547403,2025,3,1.265,SP,106058,True,5,2,True,False,35353.0,0.0119,2.83,Santa Rita d'Oeste,41.0,Baixa
1508357,2025,3,1.421,PA,106450,True,5,2,True,False,35483.0,0.0133,2.82,Vitória do Xingu,40.9,Baixa
3303708,2025,2,1.924,RJ,118150,True,5,3,True,False,59075.0,0.0163,1.69,Paraíba do Sul,40.8,Baixa
2517100,2025,0,0.723,PB,26234,False,0,0,False,False,,0.0276,0.0,Várzea,40.6,Baixa
1503705,2025,2,1.513,PA,95816,True,4,2,True,False,47908.0,0.0158,2.09,Itupiranga,40.6,Baixa
3512001,2025,8,3.589,SP,244139,True,10,2,True,False,30517.0,0.0147,3.28,Colina,40.4,Baixa
3552502,2025,3,1.546,SP,111349,True,5,2,True,False,37116.0,0.0139,2.69,Suzano,40.3,Baixa
2910057,2025,3,1.954,BA,101048,True,5,2,True,False,33683.0,0.0193,2.97,Dias d'Ávila,40.3,Baixa
2612208,2025,2,1.852,PE,89594,True,4,2,True,False,44797.0,0.0207,2.23,Salgueiro,40.2,Baixa
3523305,2025,0,1.07,SP,77638,False,0,0,False,False,,0.0138,0.0,Itariri,40.0,Baixa
2602902,2025,10,6.349,PE,291437,True,12,2,True,False,29144.0,0.0218,3.43,Cabo de Santo Agostinho,39.9,Baixa
5102504,2025,2,2.508,MT,82929,True,4,2,True,False,41464.0,0.0302,2.41,Cáceres,39.9,Baixa
3504602,2025,0,0.833,SP,63582,False,0,0,False,False,,0.0131,0.0,Bady Bassitt,39.9,Baixa
3529500,2025,3,1.316,SP,100114,True,5,2,True,False,33371.0,0.0131,3.0,Mendonça,39.8,Baixa
1100023,2025,0,0.693,RO,39347,False,0,0,False,False,,0.0176,0.0,Ariquemes,39.6,Baixa
4313441,2025,0,0.567,RS,20604,False,0,0,False,False,,0.0275,0.0,Novo Tiradentes,39.6,Baixa
5221700,2025,2,2.644,GO,88880,True,4,2,True,False,44440.0,0.0297,2.25,Uruana,39.6,Baixa
2912103,2025,0,0.567,BA,33382,False,0,0,False,False,,0.017,0.0,Ibicaraí,39.5,Baixa
3530409,2025,4,2.133,SP,135524,True,6,2,True,False,33881.0,0.0157,2.95,Mirassolândia,39.2,Baixa
2515609,2025,5,2.112,PB,141863,True,6,1,True,False,28373.0,0.0149,3.52,Serra da Raiz,39.2,Baixa
1503093,2025,5,2.632,PA,155260,True,7,2,True,False,31052.0,0.017,3.22,Goianésia do Pará,38.9,Baixa
4116604,2025,2,4.022,PR,99140,True,4,2,True,False,49570.0,0.0406,2.02,Nova América da Colina,38.9,Baixa
5101001,2025,5,1.929,MT,146348,True,6,1,True,False,29270.0,0.0132,3.42,Araguaiana,38.6,Baixa
3123528,2025,9,3.131,MG,238047,True,10,1,True,False,26450.0,0.0132,3.78,Durandé,38.1,Baixa
3517703,2025,5,8.668,SP,192731,True,8,3,True,False,38546.0,0.045,2.59,Guará,37.8,Baixa
2616308,2025,3,2.545,PE,102643,True,5,2,True,False,34214.0,0.0248,2.92,Vicência,37.7,Baixa
2931053,2025,2,2.241,BA,80247,True,4,2,True,False,40124.0,0.0279,2.49,Tanque Novo,37.7,Baixa
3503703,2025,10,5.365,SP,287223,True,12,2,True,False,28722.0,0.0187,3.48,Ariranha,37.7,Baixa
2103406,2025,3,2.102,MA,98395,True,4,1,True,False,32798.0,0.0214,3.05,Coelho Neto,37.3,Baixa
3510708,2025,6,6.488,SP,205201,True,9,3,True,False,34200.0,0.0316,2.92,Cardoso,37.3,Baixa
3202405,2025,3,3.977,ES,127045,True,6,3,True,False,42348.0,0.0313,2.36,Guarapari,37.1,Baixa
2606200,2025,3,2.651,PE,100862,True,5,2,True,False,33621.0,0.0263,2.97,Goiana,37.0,Baixa
3169307,2025,8,4.218,MG,212877,True,9,1,True,False,26610.0,0.0198,3.76,Três Corações,36.8,Baixa
2922656,2025,8,7.613,BA,237538,True,10,2,True,False,29692.0,0.032,3.37,Nordestina,36.8,Baixa
3303005,2025,5,2.128,RJ,150640,True,7,2,True,False,30128.0,0.0141,3.32,Miracema,36.7,Baixa
3541653,2025,9,5.676,SP,268351,True,11,2,True,False,29817.0,0.0212,3.35,Quadra,36.7,Baixa
3304151,2025,4,2.066,RJ,135455,True,6,2,True,False,33864.0,0.0153,2.95,Quissamã,36.6,Baixa
3109501,2025,4,3.346,MG,121067,True,5,1,True,False,30267.0,0.0276,3.3,Cabo Verde,36.5,Baixa
2309904,2025,7,2.788,CE,199574,True,8,1,True,False,28511.0,0.014,3.51,Pacujá,36.1,Baixa
2513000,2025,4,4.12,PB,116829,True,5,1,True,False,29207.0,0.0353,3.42,Salgadinho,36.1,Baixa
3543204,2025,5,3.141,SP,152543,True,7,2,True,False,30509.0,0.0206,3.28,Ribeirão do Sul,35.9,Baixa
4128401,2025,6,2.876,PR,160073,True,7,1,True,False,26679.0,0.018,3.75,Uraí,35.7,Baixa
2918605,2025,3,1.431,BA,90535,True,4,1,True,False,30178.0,0.0158,3.31,Jussiape,35.7,Baixa
2604809,2025,3,1.363,PE,90515,True,4,1,True,False,30172.0,0.0151,3.31,Cortês,35.4,Baixa
3508306,2025,11,7.316,SP,309910,True,13,2,True,False,28174.0,0.0236,3.55,Cabrália Paulista,34.8,Baixa
2907707,2025,3,1.721,BA,91192,True,4,1,True,False,30397.0,0.0189,3.29,Chorrochó,34.7,Baixa
2921708,2025,4,2.118,BA,114875,True,5,1,True,False,28719.0,0.0184,3.48,Morro do Chapéu,34.6,Baixa
3305752,2025,11,5.713,RJ,311171,True,13,2,True,False,28288.0,0.0184,3.54,Tanguá,34.4,Baixa
3542503,2025,2,2.077,SP,84724,True,4,2,True,False,42362.0,0.0245,2.36,Reginópolis,34.3,Baixa
2807402,2025,3,1.984,SE,88426,True,4,1,True,False,29475.0,0.0224,3.39,Tobias Barreto,34.3,Baixa
3512506,2025,3,2.622,SP,105888,True,5,2,True,False,35296.0,0.0248,2.83,Coroados,33.9,Baixa
3155603,2025,4,3.415,MG,110208,True,5,1,True,False,27552.0,0.031,3.63,Rio Pardo de Minas,33.9,Baixa
3519253,2025,3,3.597,SP,121106,True,5,2,True,False,40369.0,0.0297,2.48,Iaras,33.6,Baixa
3135605,2025,4,4.635,MG,116887,True,5,1,True,False,29222.0,0.0397,3.42,Jequitaí,33.5,Baixa
1300680,2025,3,1.243,AM,89822,True,4,1,True,False,29941.0,0.0138,3.34,Boa Vista do Ramos,33.4,Baixa
3300951,2025,5,3.54,RJ,168820,True,7,2,True,False,33764.0,0.021,2.96,Comendador Levy Gasparian,33.4,Baixa
3500600,2025,8,8.407,SP,241866,True,10,2,True,False,30233.0,0.0348,3.31,Águas de São Pedro,33.3,Baixa
1400100,2025,4,2.647,RR,140720,True,6,2,True,False,35180.0,0.0188,2.84,Boa Vista,33.3,Baixa
3522505,2025,3,4.669,SP,116907,True,5,2,True,False,38969.0,0.0399,2.57,Itapevi,33.3,Baixa
3542602,2025,7,11.29,SP,214283,True,9,2,True,False,30612.0,0.0527,3.27,Registro,33.2,Baixa
3304128,2025,2,1.815,RJ,88220,True,4,2,True,False,44110.0,0.0206,2.27,Quatis,33.1,Baixa
3552700,2025,3,4.343,SP,112910,True,5,2,True,False,37637.0,0.0385,2.66,Tabatinga,33.1,Baixa
2930774,2025,4,3.174,BA,122721,True,5,1,True,False,30680.0,0.0259,3.26,Sobradinho,33.1,Baixa
3536109,2025,3,3.366,SP,113928,True,5,2,True,False,37976.0,0.0295,2.63,Pardinho,33.1,Baixa
1505106,2025,5,2.089,PA,137602,True,6,1,True,False,27520.0,0.0152,3.63,Óbidos,33.0,Baixa
2901957,2025,3,4.694,BA,107492,True,5,2,True,False,35831.0,0.0437,2.79,Apuarema,32.7,Baixa
2313906,2025,3,1.477,CE,86368,True,4,1,True,False,28789.0,0.0171,3.47,Uruoca,32.7,Baixa
3303856,2025,3,2.957,RJ,107285,True,5,2,True,False,35762.0,0.0276,2.8,Paty do Alferes,32.7,Baixa
5003256,2025,3,1.862,MS,89266,True,4,1,True,False,29755.0,0.0209,3.36,Costa Rica,32.6,Baixa
3302601,2025,2,1.626,RJ,80326,True,4,2,True,False,40163.0,0.0202,2.49,Mangaratiba,32.6,Baixa
2309300,2025,5,4.905,CE,151397,True,7,2,True,False,30279.0,0.0324,3.3,Nova Russas,32.5,Baixa
3512902,2025,3,6.809,SP,105091,True,5,2,True,False,35030.0,0.0648,2.85,Cosmorama,32.5,Baixa
3515004,2025,3,3.316,SP,105516,True,5,2,True,False,35172.0,0.0314,2.84,Embu das Artes,32.5,Baixa
3521002,2025,3,2.733,SP,101910,True,5,2,True,False,33970.0,0.0268,2.94,Iperó,32.4,Baixa
3556701,2025,4,5.516,SP,127099,True,6,2,True,False,31775.0,0.0434,3.15,Vinhedo,32.2,Baixa
4311809,2025,4,2.031,RS,101646,True,5,1,True,False,25412.0,0.02,3.94,Marau,32.1,Baixa
2312007,2025,5,8.779,CE,151392,True,7,2,True,False,30278.0,0.058,3.3,Santana do Acaraú,32.1,Baixa
3551405,2025,4,1.495,SP,107771,True,5,1,True,False,26943.0,0.0139,3.71,Serra Azul,31.7,Baixa
2311355,2025,3,2.049,CE,92595,True,4,1,True,False,30865.0,0.0221,3.24,Quixelô,31.6,Baixa
3548302,2025,3,1.654,SP,90922,True,4,1,True,False,30307.0,0.0182,3.3,Santo Expedito,31.2,Baixa
2903409,2025,4,1.841,BA,102873,True,5,1,True,False,25718.0,0.0179,3.89,Belmonte,30.5,Baixa
3549805,2025,0,0.988,SP,30731,False,0,0,False,False,,0.0321,0.0,São José do Rio Preto,30.2,Baixa
3557006,2025,8,3.946,SP,211233,True,9,1,True,False,26404.0,0.0187,3.79,Votorantim,30.0,Baixa
3556909,2025,0,0.692,SP,24527,False,0,0,False,False,,0.0282,0.0,Vista Alegre do Alto,29.6,Baixa
1507151,2025,7,4.712,PA,194343,True,8,1,True,False,27763.0,0.0242,3.6,São Domingos do Araguaia,29.5,Baixa
3544251,2025,5,2.621,SP,135032,True,6,1,True,False,27006.0,0.0194,3.7,Rosana,29.4,Baixa
1300805,2025,6,3.047,AM,158165,True,7,1,True,False,26361.0,0.0193,3.79,Borba,28.8,Baixa
3502606,2025,4,2.683,SP,114421,True,5,1,True,False,28605.0,0.0234,3.5,Aparecida d'Oeste,28.1,Baixa
2307601,2025,4,2.386,CE,104569,True,5,1,True,False,26142.0,0.0228,3.83,Limoeiro do Norte,27.7,Baixa
3544905,2025,3,3.119,SP,99405,True,4,1,True,False,33135.0,0.0314,3.02,Sales Oliveira,27.4,Baixa
3301900,2025,3,6.655,RJ,98528,True,4,1,True,False,32843.0,0.0675,3.04,Itaboraí,27.3,Baixa
3522307,2025,3,1.735,SP,81404,True,4,1,True,False,27135.0,0.0213,3.69,Itapetininga,27.1,Baixa
3508405,2025,4,3.485,SP,119591,True,5,1,True,False,29898.0,0.0291,3.34,Cabreúva,26.8,Baixa
3305505,2025,6,4.794,RJ,167244,True,7,1,True,False,27874.0,0.0287,3.59,Saquarema,26.5,Baixa
3302908,2025,6,7.82,RJ,167381,True,7,1,True,False,27897.0,0.0467,3.58,Miguel Pereira,26.5,Baixa
3543808,2025,3,5.909,SP,90607,True,4,1,True,False,30202.0,0.0652,3.31,Rinópolis,26.2,Baixa
3544004,2025,6,4.199,SP,161221,True,7,1,True,False,26870.0,0.026,3.72,Rio das Pedras,26.0,Baixa
3520442,2025,5,4.892,SP,138247,True,6,1,True,False,27649.0,0.0354,3.62,Ilha Solteira,25.8,Baixa
1504950,2025,4,4.485,PA,112257,True,5,1,True,False,28064.0,0.04,3.56,Nova Esperança do Piriá,25.6,Baixa
3507100,2025,4,5.151,SP,111798,True,5,1,True,False,27950.0,0.0461,3.58,Bom Jesus dos Perdões,25.5,Baixa
3300308,2025,11,5.25,RJ,281469,True,12,1,True,False,25588.0,0.0187,3.91,Barra do Piraí,25.2,Baixa
3519105,2025,4,7.607,SP,109670,True,5,1,True,False,27418.0,0.0694,3.65,Iacanga,25.0,Baixa
3300605,2025,4,3.353,RJ,108894,True,5,1,True,False,27224.0,0.0308,3.67,Bom Jesus do Itabapoana,24.7,Baixa
3300100,2025,6,2.887,RJ,154299,True,7,1,True,False,25716.0,0.0187,3.89,Angra dos Reis,24.1,Baixa
3536208,2025,3,2.89,SP,80804,True,4,1,True,False,26935.0,0.0358,3.71,Pariquera-Açu,23.6,Baixa
3301876,2025,13,8.212,RJ,330064,True,14,1,True,False,25390.0,0.0249,3.94,Iguaba Grande,23.3,Baixa
3546702,2025,4,2.569,SP,102733,True,5,1,True,False,25683.0,0.025,3.89,Santa Gertrudes,22.9,Baixa
3501103,2025,6,5.285,SP,153871,True,7,1,True,False,25645.0,0.0343,3.9,Alto Alegre,22.6,Baixa
3525607,2025,7,7.114,SP,178795,True,8,1,True,False,25542.0,0.0398,3.92,João Ramalho,22.5,Baixa
3551900,2025,7,4.858,SP,178443,True,8,1,True,False,25492.0,0.0272,3.92,Severínia,22.3,Baixa
3301306,2025,6,10.873,RJ,151889,True,7,1,True,False,25315.0,0.0716,3.95,Casimiro de Abreu,20.7,Baixa
2101939,2025,7,5.865,MA,175035,True,8,1,True,False,25005.0,0.0335,4.0,Bernardo do Mearim,17.7,Baixa
1304005,2025,6,3.899,AM,150278,True,7,1,True,False,25046.0,0.0259,3.99,Silves,16.3,Baixa
2703205,2025,4,5.223,AL,100012,True,5,1,True,False,25003.0,0.0522,4.0,Igreja Nova,7.8,Baixa
