Ano;UF;Município;Cód. IBGE;Peso recebido (t)
2022;RO;Ariquemes;1100023;0,336
2022;RO;Costa Marques;1100080;0,306
2022;RO;Espigão D'Oeste;1100098;0,574
2022;RO;Porto Velho;1100205;6,022
2022;RO;Vilhena;1100304;2,593
2022;RO;Cacaulândia;1100601;0,541
2022;RO;Campo Novo de Rondônia;1100700;0,391
2022;RO;Chupinguaia;1100924;0,393
2022;RO;Parecis;1101450;0,193
2022;RO;São Felipe D'Oeste;1101484;0,625
2022;RO;São Francisco do Guaporé;1101492;0,515
2022;RO;Teixeirópolis;1101559;0,445
2022;RO;Urupá;1101708;0,493
2022;RO;Vale do Paraíso;1101807;0,309
2022;AC;Acrelândia;1200013;0,174
2022;AC;Assis Brasil;1200054;0,436
2022;AC;Brasiléia;1200104;0,413
2022;AC;Capixaba;1200179;0,533
2022;AC;Cruzeiro do Sul;1200203;0,502
2022;AC;Feijó;1200302;0,498
2022;AC;Jordão;1200328;0,358
2022;AC;Mâncio Lima;1200336;1,179
2022;AC;Rio Branco;1200401;5,620
2022;AC;Rodrigues Alves;1200427;0,313
2022;AC;Senador Guiomard;1200450;0,889
2022;AC;Porto Acre;1200807;0,578
2022;AM;Alvarães;1300029;1,918
2022;AM;Anamã;1300086;0,819
2022;AM;Apuí;1300144;0,778
2022;AM;Barreirinha;1300508;0,795
2022;AM;Boa Vista do Ramos;1300680;0,439
2022;AM;Boca do Acre;1300706;2,551
2022;AM;Borba;1300805;1,283
2022;AM;Canutama;1300904;0,741
2022;AM;Carauari;1301001;1,017
2022;AM;Coari;1301209;0,412
2022;AM;Envira;1301506;0,243
2022;AM;Ipixuna;1301803;0,392
2022;AM;Itamarati;1301951;1,599
2022;AM;Jutaí;1302306;0,375
2022;AM;Lábrea;1302405;0,258
2022;AM;Manaquiri;1302553;1,175
2022;AM;Manaus;1302603;2,786
2022;AM;Manicoré;1302702;0,287
2022;AM;Maraã;1302801;0,987
2022;AM;Nhamundá;1303007;0,246
2022;AM;Nova Olinda do Norte;1303106;0,272
2022;AM;Novo Airão;1303205;0,955
2022;AM;Novo Aripuanã;1303304;0,457
2022;AM;Santo Antônio do Içá;1303700;0,858
2022;AM;São Sebastião do Uatumã;1303957;0,301
2022;AM;Silves;1304005;8,143
2022;AM;Tabatinga;1304062;0,692
2022;AM;Tefé;1304203;0,546
2022;AM;Uarini;1304260;2,796
2022;AM;Urucurituba;1304401;0,411
2022;RR;Boa Vista;1400100;1,023
2022;RR;Bonfim;1400159;0,595
2022;RR;Cantá;1400175;0,371
2022;RR;São João da Baliza;1400506;0,502
2022;RR;São Luiz;1400605;0,959
2022;PA;Abaetetuba;1500107;0,287
2022;PA;Afuá;1500305;0,383
2022;PA;Água Azul do Norte;1500347;0,364
2022;PA;Altamira;1500602;0,673
2022;PA;Anajás;1500701;0,789
2022;PA;Anapu;1500859;0,245
2022;PA;Augusto Corrêa;1500909;0,413
2022;PA;Baião;1501204;3,781
2022;PA;Bannach;1501253;0,597
2022;PA;Barcarena;1501303;0,481
2022;PA;Belém;1501402;18,591
2022;PA;Bonito;1501600;1,128
2022;PA;Brasil Novo;1501725;0,185
2022;PA;Breu Branco;1501782;0,186
2022;PA;Bujaru;1501907;0,481
2022;PA;Cachoeira do Arari;1502004;0,580
2022;PA;Cametá;1502103;0,325
2022;PA;Conceição do Araguaia;1502707;0,495
2022;PA;Curralinho;1502806;0,545
2022;PA;Curuá;1502855;0,262
2022;PA;Dom Eliseu;1502939;0,552
2022;PA;Garrafão do Norte;1503077;0,643
2022;PA;Goianésia do Pará;1503093;1,458
2022;PA;Irituia;1503507;0,244
2022;PA;Limoeiro do Ajuru;1504000;0,311
2022;PA;Mãe do Rio;1504059;0,588
2022;PA;Marabá;1504208;6,394
2022;PA;Marapanim;1504406;0,581
2022;PA;Muaná;1504901;0,424
2022;PA;Óbidos;1505106;2,090
2022;PA;Oeiras do Pará;1505205;0,424
2022;PA;Ourém;1505403;0,561
2022;PA;Parauapebas;1505536;0,591
2022;PA;Peixe-Boi;1505601;0,705
2022;PA;Piçarra;1505635;0,840
2022;PA;Placas;1505650;1,046
2022;PA;Ponta de Pedras;1505700;1,115
2022;PA;Primavera;1506104;0,352
2022;PA;Rurópolis;1506195;0,666
2022;PA;Santa Bárbara do Pará;1506351;0,417
2022;PA;Santa Cruz do Arari;1506401;0,286
2022;PA;Santa Izabel do Pará;1506500;0,236
2022;PA;Santana do Araguaia;1506708;0,448
2022;PA;Santarém;1506807;0,270
2022;PA;Santarém Novo;1506906;0,617
2022;PA;Santo Antônio do Tauá;1507003;0,483
2022;PA;São Caetano de Odivelas;1507102;1,056
2022;PA;São Domingos do Araguaia;1507151;4,911
2022;PA;Soure;1507904;0,471
2022;PA;Tailândia;1507953;0,813
2022;PA;Tomé-Açu;1508001;0,722
2022;PA;Tucumã;1508084;0,339
2022;PA;Ulianópolis;1508126;0,849
2022;PA;Vigia;1508209;12,557
2022;PA;Xinguara;1508407;0,790
2022;AP;Pedra Branca do Amapari;1600154;0,279
2022;AP;Macapá;1600303;0,542
2022;AP;Mazagão;1600402;1,321
2022;AP;Oiapoque;1600501;0,320
2022;AP;Vitória do Jari;1600808;0,329
2022;TO;Ananás;1701002;0,447
2022;TO;Angico;1701051;0,356
2022;TO;Araguaçu;1702000;1,120
2022;TO;Arraias;1702406;1,021
2022;TO;Barrolândia;1703107;1,002
2022;TO;Bom Jesus do Tocantins;1703305;0,841
2022;TO;Brejinho de Nazaré;1703701;1,053
2022;TO;Carmolândia;1703883;0,453
2022;TO;Centenário;1704105;0,670
2022;TO;Chapada de Areia;1704600;0,695
2022;TO;Chapada da Natividade;1705102;0,358
2022;TO;Colinas do Tocantins;1705508;0,695
2022;TO;Conceição do Tocantins;1705607;0,428
2022;TO;Cristalândia;1706100;0,623
2022;TO;Dueré;1707306;0,342
2022;TO;Figueirópolis;1707652;0,609
2022;TO;Filadélfia;1707702;0,651
2022;TO;Formoso do Araguaia;1708205;0,671
2022;TO;Gurupi;1709500;1,243
2022;TO;Itaguatins;1710706;0,905
2022;TO;Lagoa da Confusão;1711902;0,352
2022;TO;Lagoa do Tocantins;1711951;0,332
2022;TO;Luzinópolis;1712454;0,805
2022;TO;Monte Santo do Tocantins;1713700;0,946
2022;TO;Nazaré;1714302;0,180
2022;TO;Paraíso do Tocantins;1716109;0,581
2022;TO;Paranã;1716208;0,207
2022;TO;Peixe;1716604;0,606
2022;TO;Colméia;1716703;0,741
2022;TO;Pindorama do Tocantins;1717008;0,499
2022;TO;Piraquê;1717206;0,476
2022;TO;Pium;1717503;0,430
2022;TO;Ponte Alta do Tocantins;1717909;0,639
2022;TO;Porto Alegre do Tocantins;1718006;0,629
2022;TO;Pugmil;1718451;0,758
2022;TO;Riachinho;1718550;0,586
2022;TO;Rio da Conceição;1718659;0,286
2022;TO;Sampaio;1718808;0,211
2022;TO;Sandolândia;1718840;0,324
2022;TO;Santa Fé do Araguaia;1718865;0,446
2022;TO;São Bento do Tocantins;1720101;0,966
2022;TO;São Miguel do Tocantins;1720200;0,701
2022;TO;São Sebastião do Tocantins;1720309;1,119
2022;TO;Talismã;1720978;0,655
2022;TO;Palmas;1721000;9,876
2022;MA;Afonso Cunha;2100105;0,209
2022;MA;Aldeias Altas;2100303;0,249
2022;MA;Amarante do Maranhão;2100600;0,912
2022;MA;Anajatuba;2100709;0,523
2022;MA;Anapurus;2100808;0,456
2022;MA;Araioses;2100907;0,210
2022;MA;Belágua;2101731;0,649
2022;MA;Bernardo do Mearim;2101939;2,665
2022;MA;Bom Lugar;2102077;0,189
2022;MA;Brejo de Areia;2102150;0,653
2022;MA;Buritirana;2102358;0,450
2022;MA;Cachoeira Grande;2102374;0,865
2022;MA;Cajapió;2102408;0,675
2022;MA;Caxias;2103000;0,348
2022;MA;Centro do Guilherme;2103158;0,271
2022;MA;Cidelândia;2103257;0,362
2022;MA;Codó;2103307;0,712
2022;MA;Coelho Neto;2103406;0,298
2022;MA;Dom Pedro;2103802;0,511
2022;MA;Duque Bacelar;2103901;0,770
2022;MA;Esperantinópolis;2104008;0,493
2022;MA;Estreito;2104057;0,372
2022;MA;Feira Nova do Maranhão;2104073;0,631
2022;MA;Fernando Falcão;2104081;0,474
2022;MA;Fortuna;2104206;0,853
2022;MA;Governador Luiz Rocha;2104628;0,358
2022;MA;Igarapé do Meio;2105153;0,495
2022;MA;Imperatriz;2105302;0,687
2022;MA;Joselândia;2105609;0,382
2022;MA;Lago da Pedra;2105708;0,887
2022;MA;Lago Verde;2105906;0,719
2022;MA;Lagoa do Mato;2105922;0,466
2022;MA;Loreto;2106102;0,454
2022;MA;Magalhães de Almeida;2106300;0,263
2022;MA;Maracaçumé;2106326;0,493
2022;MA;Matinha;2106508;0,604
2022;MA;Matões;2106607;0,417
2022;MA;Milagres do Maranhão;2106672;0,523
2022;MA;Mirador;2106706;0,393
2022;MA;Montes Altos;2107001;0,244
2022;MA;Morros;2107100;0,194
2022;MA;Nina Rodrigues;2107209;0,733
2022;MA;Nova Colinas;2107258;1,126
2022;MA;Olinda Nova do Maranhão;2107456;0,881
2022;MA;Paço do Lumiar;2107506;0,340
2022;MA;Palmeirândia;2107605;0,715
2022;MA;Parnarama;2107803;0,373
2022;MA;Paulino Neves;2108058;0,338
2022;MA;Peri Mirim;2108405;0,861
2022;MA;Peritoró;2108454;0,345
2022;MA;Pirapemas;2108801;0,426
2022;MA;Poção de Pedras;2108900;0,422
2022;MA;Presidente Dutra;2109106;0,356
2022;MA;Presidente Vargas;2109304;0,951
2022;MA;Sambaíba;2109700;0,902
2022;MA;Santa Rita;2110203;0,240
2022;MA;Santo Amaro do Maranhão;2110278;0,588
2022;MA;São Bernardo;2110609;0,450
2022;MA;São Domingos do Azeitão;2110658;0,348
2022;MA;São Félix de Balsas;2110807;0,406
2022;MA;São João Batista;2111003;0,526
2022;MA;São João dos Patos;2111102;0,501
2022;MA;São José de Ribamar;2111201;0,629
2022;MA;São Luís;2111300;61,868
2022;MA;São Luís Gonzaga do Maranhão;2111409;0,249
2022;MA;São Raimundo das Mangabeiras;2111607;0,452
2022;MA;São Vicente Ferrer;2111706;0,434
2022;MA;Senador Alexandre Costa;2111748;0,706
2022;MA;Serrano do Maranhão;2111789;0,172
2022;MA;Tasso Fragoso;2112001;1,065
2022;MA;Timon;2112209;1,433
2022;MA;Tufilândia;2112274;0,560
2022;MA;Tutóia;2112506;0,207
2022;MA;Urbano Santos;2112605;0,415
2022;MA;Vargem Grande;2112704;0,293
2022;MA;Viana;2112803;0,758
2022;MA;Vila Nova dos Martírios;2112852;0,385
2022;MA;Vitorino Freire;2113009;0,450
2022;PI;Agricolândia;2200103;0,351
2022;PI;Água Branca;2200202;0,306
2022;PI;Altos;2200400;0,665
2022;PI;Alvorada do Gurguéia;2200459;0,309
2022;PI;Anísio de Abreu;2200707;0,522
2022;PI;Antônio Almeida;2200806;0,378
2022;PI;Barras;2201200;0,576
2022;PI;Belém do Piauí;2201572;0,707
2022;PI;Boa Hora;2201770;0,502
2022;PI;Bonfim do Piauí;2201929;0,733
2022;PI;Buriti dos Lopes;2202000;0,722
2022;PI;Cajazeiras do Piauí;2202075;0,560
2022;PI;Campo Grande do Piauí;2202133;0,526
2022;PI;Castelo do Piauí;2202604;0,334
2022;PI;Caxingó;2202653;0,350
2022;PI;Cocal;2202703;1,082
2022;PI;Colônia do Gurguéia;2202752;0,337
2022;PI;Colônia do Piauí;2202778;0,386
2022;PI;Coronel José Dias;2202851;0,647
2022;PI;Cristalândia do Piauí;2203008;0,735
2022;PI;Currais;2203230;0,135
2022;PI;Curral Novo do Piauí;2203271;0,460
2022;PI;Demerval Lobão;2203305;0,686
2022;PI;Domingos Mourão;2203420;0,399
2022;PI;Esperantina;2203701;0,634
2022;PI;Fartura do Piauí;2203750;0,607
2022;PI;Francisco Macedo;2204154;0,461
2022;PI;Francisco Santos;2204204;0,380
2022;PI;Guadalupe;2204501;0,288
2022;PI;Guaribas;2204550;0,240
2022;PI;Ilha Grande;2204659;0,513
2022;PI;Inhuma;2204709;0,238
2022;PI;Itainópolis;2205003;0,647
2022;PI;Jardim do Mulato;2205250;0,727
2022;PI;João Costa;2205359;0,710
2022;PI;Joca Marques;2205458;0,370
2022;PI;Juazeiro do Piauí;2205516;0,780
2022;PI;Lagoa Alegre;2205557;0,143
2022;PI;Luís Correia;2205706;0,364
2022;PI;Marcolândia;2205953;0,198
2022;PI;Nazária;2206720;0,545
2022;PI;Novo Oriente do Piauí;2206902;0,348
2022;PI;Novo Santo Antônio;2206951;0,301
2022;PI;Padre Marcos;2207207;0,223
2022;PI;Paes Landim;2207306;0,528
2022;PI;Passagem Franca do Piauí;2207751;0,445
2022;PI;Patos do Piauí;2207777;0,335
2022;PI;Pau D'Arco do Piauí;2207793;0,596
2022;PI;Paulistana;2207801;0,352
2022;PI;Pavussu;2207850;1,217
2022;PI;Nova Santa Rita;2207959;0,247
2022;PI;Pimenteiras;2208106;0,981
2022;PI;Pio IX;2208205;1,050
2022;PI;Piripiri;2208403;0,363
2022;PI;Porto;2208502;0,878
2022;PI;Prata do Piauí;2208601;0,365
2022;PI;Ribeira do Piauí;2208874;0,574
2022;PI;Santa Cruz do Piauí;2209104;0,188
2022;PI;Santa Cruz dos Milagres;2209153;0,348
2022;PI;Santa Luz;2209302;1,346
2022;PI;Santa Rosa do Piauí;2209377;1,062
2022;PI;Santo Inácio do Piauí;2209500;0,450
2022;PI;São Félix do Piauí;2209609;0,267
2022;PI;São Francisco de Assis do Piauí;2209658;0,551
2022;PI;São João da Canabrava;2209856;0,254
2022;PI;São João do Piauí;2210003;0,307
2022;PI;São José do Divino;2210052;0,387
2022;PI;São Luis do Piauí;2210375;0,577
2022;PI;São Miguel do Fidalgo;2210391;0,308
2022;PI;São Miguel do Tapuio;2210409;0,387
2022;PI;São Pedro do Piauí;2210508;0,511
2022;PI;Sebastião Barros;2210623;0,636
2022;PI;Sebastião Leal;2210631;0,255
2022;PI;Simplício Mendes;2210805;0,380
2022;PI;Sussuapara;2210938;0,498
2022;PI;Tanque do Piauí;2210979;0,524
2022;PI;Teresina;2211001;12,568
2022;PI;União;2211100;0,529
2022;PI;Uruçuí;2211209;0,423
2022;PI;Vila Nova do Piauí;2211605;0,736
2022;PI;Wall Ferraz;2211704;0,648
2022;CE;Aiuaba;2300408;0,816
2022;CE;Altaneira;2300606;1,075
2022;CE;Alto Santo;2300705;3,061
2022;CE;Amontada;2300754;0,424
2022;CE;Aracati;2301109;0,490
2022;CE;Araripe;2301307;0,543
2022;CE;Aratuba;2301406;0,205
2022;CE;Assaré;2301604;1,886
2022;CE;Barreira;2301950;0,335
2022;CE;Baturité;2302107;3,762
2022;CE;Bela Cruz;2302305;0,528
2022;CE;Boa Viagem;2302404;0,598
2022;CE;Canindé;2302800;0,265
2022;CE;Cariré;2303105;0,333
2022;CE;Cariús;2303303;0,286
2022;CE;Carnaubal;2303402;0,508
2022;CE;Cedro;2303808;0,641
2022;CE;Chaval;2303907;1,135
2022;CE;Choró;2303931;0,539
2022;CE;Chorozinho;2303956;0,424
2022;CE;Coreaú;2304004;0,373
2022;CE;Croatá;2304236;0,511
2022;CE;Cruz;2304251;14,129
2022;CE;Fortaleza;2304400;29,637
2022;CE;General Sampaio;2304608;1,011
2022;CE;Graça;2304657;0,648
2022;CE;Granja;2304707;0,345
2022;CE;Hidrolândia;2305209;0,480
2022;CE;Ibaretama;2305266;0,218
2022;CE;Ibicuitinga;2305332;0,587
2022;CE;Icapuí;2305357;0,283
2022;CE;Icó;2305407;0,489
2022;CE;Ipaporanga;2305654;0,449
2022;CE;Ipaumirim;2305704;0,555
2022;CE;Ipueiras;2305902;0,384
2022;CE;Iracema;2306009;0,561
2022;CE;Itapipoca;2306405;0,397
2022;CE;Itatira;2306603;0,410
2022;CE;Jaguaribara;2306801;0,578
2022;CE;Jaguaribe;2306900;0,248
2022;CE;Jaguaruana;2307007;0,515
2022;CE;Jardim;2307106;0,338
2022;CE;Jati;2307205;0,357
2022;CE;Jucás;2307403;0,246
2022;CE;Madalena;2307635;0,236
2022;CE;Maracanaú;2307650;0,382
2022;CE;Martinópole;2307908;0,452
2022;CE;Milagres;2308302;0,532
2022;CE;Milhã;2308351;0,451
2022;CE;Missão Velha;2308401;0,569
2022;CE;Mombaça;2308500;0,382
2022;CE;Monsenhor Tabosa;2308609;0,392
2022;CE;Nova Russas;2309300;1,874
2022;CE;Pacoti;2309805;0,646
2022;CE;Pacujá;2309904;2,482
2022;CE;Palhano;2310001;0,820
2022;CE;Parambu;2310308;0,307
2022;CE;Pereiro;2310803;0,827
2022;CE;Piquet Carneiro;2310902;0,472
2022;CE;Poranga;2311009;0,260
2022;CE;Potengi;2311207;0,873
2022;CE;Potiretama;2311231;0,256
2022;CE;Quixelô;2311355;0,393
2022;CE;Quixeramobim;2311405;0,447
2022;CE;Quixeré;2311504;0,382
2022;CE;Saboeiro;2311900;0,510
2022;CE;Santana do Acaraú;2312007;1,562
2022;CE;São Luís do Curu;2312601;0,571
2022;CE;Senador Pompeu;2312700;0,612
2022;CE;Tabuleiro do Norte;2313104;0,752
2022;CE;Tururu;2313559;0,552
2022;CE;Umari;2313708;0,304
2022;CE;Uruburetama;2313807;0,860
2022;CE;Várzea Alegre;2314003;1,211
2022;CE;Viçosa do Ceará;2314102;0,305
2022;RN;Açu;2400208;0,322
2022;RN;Baraúna;2401453;0,754
2022;RN;Barcelona;2401503;0,735
2022;RN;Bodó;2401651;0,381
2022;RN;Campo Redondo;2402105;0,484
2022;RN;Cerro Corá;2402709;0,215
2022;RN;Coronel Ezequiel;2402808;0,348
2022;RN;Cruzeta;2403004;0,834
2022;RN;Currais Novos;2403103;0,498
2022;RN;Doutor Severiano;2403202;0,386
2022;RN;Equador;2403400;0,921
2022;RN;Espírito Santo;2403509;0,550
2022;RN;Florânia;2403806;0,384
2022;RN;Galinhos;2404101;0,267
2022;RN;Ielmo Marinho;2404606;0,313
2022;RN;Itaú;2404903;0,925
2022;RN;Jardim de Piranhas;2405603;0,430
2022;RN;João Câmara;2405801;0,229
2022;RN;João Dias;2405900;0,399
2022;RN;Jucurutu;2406106;0,544
2022;RN;Jundiá;2406155;0,469
2022;RN;Lagoa d'Anta;2406205;0,875
2022;RN;Lagoa Salgada;2406601;0,724
2022;RN;Lajes Pintadas;2406809;0,301
2022;RN;Lucrécia;2406908;0,356
2022;RN;Macau;2407203;0,504
2022;RN;Marcelino Vieira;2407302;0,576
2022;RN;Montanhas;2407708;0,326
2022;RN;Mossoró;2408003;0,655
2022;RN;Natal;2408102;7,261
2022;RN;Nova Cruz;2408300;0,613
2022;RN;Paraná;2408607;0,470
2022;RN;Parazinho;2408805;0,470
2022;RN;Pau dos Ferros;2409407;0,524
2022;RN;Pedra Grande;2409506;0,531
2022;RN;Pedro Avelino;2409704;0,500
2022;RN;Pedro Velho;2409803;0,465
2022;RN;Pilões;2410009;0,693
2022;RN;Portalegre;2410207;1,264
2022;RN;Porto do Mangue;2410256;0,735
2022;RN;Pureza;2410405;0,381
2022;RN;Rafael Godeiro;2410603;0,721
2022;RN;Riacho de Santana;2410801;0,615
2022;RN;Tibau;2411056;0,729
2022;RN;São Bento do Trairí;2411700;0,590
2022;RN;São Francisco do Oeste;2411908;0,531
2022;RN;São Gonçalo do Amarante;2412005;0,175
2022;RN;São José de Mipibu;2412203;0,376
2022;RN;São José do Seridó;2412401;0,689
2022;RN;São Miguel;2412500;0,816
2022;RN;São Paulo do Potengi;2412609;0,271
2022;RN;São Pedro;2412708;0,292
2022;RN;Senador Elói de Souza;2413102;0,678
2022;RN;Serra do Mel;2413359;0,806
2022;RN;Serrinha dos Pintos;2413557;0,546
2022;RN;Severiano Melo;2413607;0,571
2022;RN;Sítio Novo;2413706;0,736
2022;RN;Tangará;2414001;0,908
2022;RN;Tibau do Sul;2414209;0,315
2022;RN;Touros;2414407;0,349
2022;RN;Triunfo Potiguar;2414456;0,775
2022;RN;Vera Cruz;2414803;0,463
2022;PB;Aguiar;2500205;0,564
2022;PB;Alcantil;2500536;0,279
2022;PB;Alhandra;2500601;0,435
2022;PB;São João do Rio do Peixe;2500700;0,709
2022;PB;Aparecida;2500775;0,559
2022;PB;Areia;2501104;0,470
2022;PB;Areia de Baraúnas;2501153;0,204
2022;PB;Assunção;2501351;0,253
2022;PB;Baía da Traição;2501401;0,741
2022;PB;Boa Ventura;2502102;0,590
2022;PB;Bom Jesus;2502201;0,561
2022;PB;Bom Sucesso;2502300;0,761
2022;PB;Brejo do Cruz;2502805;0,579
2022;PB;Caaporã;2503001;0,325
2022;PB;Cacimba de Dentro;2503506;0,544
2022;PB;Caiçara;2503605;0,560
2022;PB;Cajazeirinhas;2503753;0,511
2022;PB;Camalaú;2503902;0,582
2022;PB;Campina Grande;2504009;0,447
2022;PB;Caraúbas;2504074;0,413
2022;PB;Casserengue;2504157;0,459
2022;PB;Catingueira;2504207;0,723
2022;PB;Catolé do Rocha;2504306;1,030
2022;PB;Caturité;2504355;0,486
2022;PB;Conceição;2504405;0,677
2022;PB;Conde;2504603;0,610
2022;PB;Congo;2504702;1,213
2022;PB;Coremas;2504801;1,053
2022;PB;Cuitegi;2505204;0,502
2022;PB;Cuité de Mamanguape;2505238;0,806
2022;PB;Damião;2505352;0,192
2022;PB;Dona Inês;2505709;0,525
2022;PB;Duas Estradas;2505808;1,087
2022;PB;Frei Martinho;2506202;0,517
2022;PB;Gurjão;2506509;0,541
2022;PB;Ibiara;2506608;0,629
2022;PB;Itaporanga;2507002;0,470
2022;PB;Itapororoca;2507101;0,304
2022;PB;Jacaraú;2507309;0,606
2022;PB;João Pessoa;2507507;7,184
2022;PB;Junco do Seridó;2507804;0,384
2022;PB;Juru;2508000;1,199
2022;PB;Lagoa;2508109;0,523
2022;PB;Livramento;2508505;0,378
2022;PB;Mari;2509107;0,600
2022;PB;Massaranduba;2509206;2,644
2022;PB;Montadas;2509503;0,624
2022;PB;Monteiro;2509701;0,392
2022;PB;Olho d'Água;2510402;1,491
2022;PB;Pedra Branca;2511004;1,244
2022;PB;Pedra Lavrada;2511103;0,599
2022;PB;Pilar;2511509;0,349
2022;PB;Pilões;2511608;0,476
2022;PB;Pilõezinhos;2511707;0,708
2022;PB;Remígio;2512705;0,687
2022;PB;Pedro Régis;2512721;0,184
2022;PB;Rio Tinto;2512903;0,417
2022;PB;Salgadinho;2513000;1,093
2022;PB;Santa Cecília;2513158;0,258
2022;PB;Santa Cruz;2513208;0,230
2022;PB;Santa Luzia;2513406;0,758
2022;PB;Santana dos Garrotes;2513604;0,480
2022;PB;Joca Claudino;2513653;0,414
2022;PB;Santa Teresinha;2513802;0,428
2022;PB;Santo André;2513851;0,623
2022;PB;São Bento;2513901;0,603
2022;PB;São Francisco;2513984;0,700
2022;PB;São João do Cariri;2514008;0,570
2022;PB;São João do Tigre;2514107;0,658
2022;PB;São José da Lagoa Tapada;2514206;0,745
2022;PB;São José de Espinharas;2514404;0,895
2022;PB;São José do Brejo do Cruz;2514651;0,545
2022;PB;São Sebastião de Lagoa de Roça;2515104;0,484
2022;PB;Serra da Raiz;2515609;1,785
2022;PB;Serra Grande;2515708;0,323
2022;PB;Serra Redonda;2515807;0,359
2022;PB;Serraria;2515906;0,649
2022;PB;Sossêgo;2516151;0,711
2022;PB;Tacima;2516409;0,350
2022;PB;Taperoá;2516508;0,598
2022;PB;Tenório;2516755;0,446
2022;PB;Várzea;2517100;0,419
2022;PE;Afrânio;2600203;0,509
2022;PE;Alagoinha;2600609;0,706
2022;PE;Aliança;2600708;1,595
2022;PE;Angelim;2601003;0,855
2022;PE;Araçoiaba;2601052;0,572
2022;PE;Araripina;2601102;0,392
2022;PE;Arcoverde;2601201;0,451
2022;PE;Belém de Maria;2601508;0,458
2022;PE;Belém do São Francisco;2601607;0,283
2022;PE;Belo Jardim;2601706;0,301
2022;PE;Bonito;2602308;0,168
2022;PE;Brejinho;2602506;0,391
2022;PE;Brejo da Madre de Deus;2602605;0,320
2022;PE;Buenos Aires;2602704;1,070
2022;PE;Buíque;2602803;0,402
2022;PE;Cabo de Santo Agostinho;2602902;8,375
2022;PE;Caetés;2603207;0,638
2022;PE;Camutanga;2603603;0,116
2022;PE;Carnaubeira da Penha;2603926;0,302
2022;PE;Carpina;2604007;0,412
2022;PE;Caruaru;2604106;0,385
2022;PE;Casinhas;2604155;0,398
2022;PE;Catende;2604205;0,234
2022;PE;Cedro;2604304;0,558
2022;PE;Chã Grande;2604502;0,397
2022;PE;Condado;2604601;0,302
2022;PE;Cortês;2604809;0,293
2022;PE;Cupira;2605004;0,442
2022;PE;Dormentes;2605152;3,962
2022;PE;Escada;2605202;0,391
2022;PE;Feira Nova;2605400;0,679
2022;PE;Fernando de Noronha;2605459;0,771
2022;PE;Ferreiros;2605509;0,371
2022;PE;Floresta;2605707;0,515
2022;PE;Frei Miguelinho;2605806;2,278
2022;PE;Gravatá;2606408;0,167
2022;PE;Iati;2606507;0,490
2022;PE;Iguaracy;2606903;0,475
2022;PE;Inajá;2607000;0,346
2022;PE;Itacuruba;2607406;0,817
2022;PE;Itaíba;2607505;0,567
2022;PE;Itambé;2607653;0,191
2022;PE;Itaquitinga;2607802;0,370
2022;PE;João Alfredo;2608107;0,505
2022;PE;Joaquim Nabuco;2608206;0,625
2022;PE;Jurema;2608404;0,567
2022;PE;Lagoa do Ouro;2608602;0,546
2022;PE;Lagoa dos Gatos;2608701;0,679
2022;PE;Macaparana;2609006;0,239
2022;PE;Manari;2609154;0,440
2022;PE;Olinda;2609600;0,328
2022;PE;Orobó;2609709;0,981
2022;PE;Ouricuri;2609907;0,582
2022;PE;Palmares;2610004;0,586
2022;PE;Palmeirina;2610103;2,537
2022;PE;Panelas;2610202;0,888
2022;PE;Paranatama;2610301;1,576
2022;PE;Passira;2610509;0,475
2022;PE;Paudalho;2610608;0,587
2022;PE;Pesqueira;2610905;1,203
2022;PE;Petrolândia;2611002;0,868
2022;PE;Petrolina;2611101;0,323
2022;PE;Recife;2611606;46,478
2022;PE;Riacho das Almas;2611705;0,703
2022;PE;Sairé;2612000;0,278
2022;PE;Salgadinho;2612109;0,396
2022;PE;Salgueiro;2612208;0,420
2022;PE;Santa Cruz da Baixa Verde;2612471;0,269
2022;PE;Santa Cruz do Capibaribe;2612505;0,398
2022;PE;Santa Maria da Boa Vista;2612604;0,440
2022;PE;São Benedito do Sul;2612901;0,689
2022;PE;São José do Belmonte;2613503;0,414
2022;PE;São José do Egito;2613602;0,359
2022;PE;São Lourenço da Mata;2613701;0,383
2022;PE;Serrita;2614006;0,851
2022;PE;Sertânia;2614105;2,670
2022;PE;Moreilândia;2614303;0,508
2022;PE;Surubim;2614501;0,502
2022;PE;Tacaimbó;2614709;0,342
2022;PE;Tacaratu;2614808;0,238
2022;PE;Terezinha;2615102;3,535
2022;PE;Toritama;2615409;0,965
2022;PE;Triunfo;2615706;0,587
2022;PE;Tupanatinga;2615805;0,397
2022;PE;Venturosa;2616001;0,726
2022;PE;Verdejante;2616100;0,644
2022;PE;Vertente do Lério;2616183;4,449
2022;PE;Vertentes;2616209;0,829
2022;PE;Vicência;2616308;0,290
2022;AL;Atalaia;2700409;0,879
2022;AL;Barra de São Miguel;2700607;0,622
2022;AL;Belém;2700805;1,549
2022;AL;Cajueiro;2701308;0,409
2022;AL;Campestre;2701357;0,196
2022;AL;Carneiros;2701803;0,328
2022;AL;Chã Preta;2701902;0,476
2022;AL;Coité do Nóia;2702009;0,353
2022;AL;Dois Riachos;2702504;0,319
2022;AL;Feliz Deserto;2702702;0,550
2022;AL;Girau do Ponciano;2702900;0,265
2022;AL;Igaci;2703106;0,465
2022;AL;Igreja Nova;2703205;0,294
2022;AL;Inhapi;2703304;0,285
2022;AL;Japaratinga;2703601;0,844
2022;AL;Jequiá da Praia;2703759;0,287
2022;AL;Maceió;2704302;1,610
2022;AL;Maragogi;2704500;1,096
2022;AL;Maribondo;2704807;0,359
2022;AL;Mar Vermelho;2704906;0,304
2022;AL;Matriz de Camaragibe;2705101;0,683
2022;AL;Messias;2705200;0,355
2022;AL;Monteirópolis;2705408;0,396
2022;AL;Olho d'Água das Flores;2705705;0,445
2022;AL;Palestina;2706208;0,580
2022;AL;Passo de Camaragibe;2706505;0,582
2022;AL;Pindoba;2707008;0,897
2022;AL;Poço das Trincheiras;2707206;0,846
2022;AL;Quebrangulo;2707602;0,495
2022;AL;Rio Largo;2707701;0,883
2022;AL;Santana do Ipanema;2708006;0,776
2022;AL;São Brás;2708204;0,375
2022;AL;São José da Laje;2708303;0,735
2022;AL;São Luís do Quitunde;2708501;1,646
2022;AL;São Miguel dos Campos;2708600;0,387
2022;AL;São Miguel dos Milagres;2708709;0,496
2022;AL;Tanque d'Arca;2709004;0,158
2022;AL;Taquarana;2709103;0,571
2022;AL;Viçosa;2709400;0,656
2022;SE;Amparo de São Francisco;2800100;0,540
2022;SE;Aracaju;2800308;14,749
2022;SE;Arauá;2800407;0,733
2022;SE;Canhoba;2801108;0,339
2022;SE;Canindé de São Francisco;2801207;0,318
2022;SE;Cumbe;2801900;0,656
2022;SE;Divina Pastora;2802007;0,619
2022;SE;Feira Nova;2802205;0,385
2022;SE;Gararu;2802403;0,554
2022;SE;Laranjeiras;2803609;0,436
2022;SE;Macambira;2803708;0,735
2022;SE;Malhada dos Bois;2803807;0,650
2022;SE;Moita Bonita;2804102;0,571
2022;SE;Monte Alegre de Sergipe;2804201;0,369
2022;SE;Muribeca;2804300;0,300
2022;SE;Neópolis;2804409;0,658
2022;SE;Nossa Senhora Aparecida;2804458;3,189
2022;SE;Nossa Senhora da Glória;2804508;0,515
2022;SE;Pacatuba;2804904;0,286
2022;SE;Pedra Mole;2805000;1,058
2022;SE;Pedrinhas;2805109;0,951
2022;SE;Riachuelo;2805901;0,914
2022;SE;Santa Luzia do Itanhy;2806305;0,421
2022;SE;São Domingos;2806800;0,407
2022;SE;São Francisco;2806909;0,384
2022;SE;Simão Dias;2807105;0,776
2022;BA;Abaré;2900207;0,522
2022;BA;Alcobaça;2900801;0,441
2022;BA;Anagé;2901205;0,992
2022;BA;Andaraí;2901304;0,570
2022;BA;Antônio Cardoso;2901700;0,418
2022;BA;Aporá;2901908;0,785
2022;BA;Apuarema;2901957;0,300
2022;BA;Aracatu;2902005;0,466
2022;BA;Araci;2902104;0,513
2022;BA;Aramari;2902203;0,243
2022;BA;Aurelino Leal;2902401;0,435
2022;BA;Baixa Grande;2902609;0,594
2022;BA;Banzaê;2902658;0,701
2022;BA;Barra;2902708;0,584
2022;BA;Barra da Estiva;2902807;0,727
2022;BA;Barra do Mendes;2903003;0,635
2022;BA;Barra do Rocha;2903102;0,226
2022;BA;Barro Alto;2903235;1,304
2022;BA;Barrocas;2903276;0,641
2022;BA;Barro Preto;2903300;0,307
2022;BA;Belo Campo;2903508;2,602
2022;BA;Bonito;2904050;0,226
2022;BA;Boquira;2904100;0,887
2022;BA;Brejões;2904308;0,511
2022;BA;Brumado;2904605;0,282
2022;BA;Buerarema;2904704;0,310
2022;BA;Cabaceiras do Paraguaçu;2904852;0,546
2022;BA;Cachoeira;2904902;0,404
2022;BA;Caculé;2905008;1,080
2022;BA;Caetité;2905206;0,411
2022;BA;Cafarnaum;2905305;0,530
2022;BA;Caldeirão Grande;2905503;4,909
2022;BA;Camacan;2905602;0,581
2022;BA;Campo Alegre de Lourdes;2905909;0,391
2022;BA;Campo Formoso;2906006;0,774
2022;BA;Cândido Sales;2906709;0,779
2022;BA;Cansanção;2906808;0,987
2022;BA;Cardeal da Silva;2907004;0,350
2022;BA;Chorrochó;2907707;0,360
2022;BA;Conceição da Feira;2908200;0,376
2022;BA;Conceição do Coité;2908408;0,542
2022;BA;Conceição do Jacuípe;2908507;1,093
2022;BA;Cordeiros;2909000;0,719
2022;BA;Coronel João Sá;2909208;0,520
2022;BA;Cotegipe;2909406;0,537
2022;BA;Cravolândia;2909505;0,618
2022;BA;Crisópolis;2909604;0,228
2022;BA;Curaçá;2909901;0,556
2022;BA;Dário Meira;2910008;1,435
2022;BA;Dom Basílio;2910107;0,356
2022;BA;Elísio Medrado;2910305;0,167
2022;BA;Encruzilhada;2910404;1,007
2022;BA;Eunápolis;2910727;0,382
2022;BA;Feira de Santana;2910800;0,515
2022;BA;Firmino Alves;2910909;0,693
2022;BA;Governador Mangabeira;2911600;0,720
2022;BA;Guajeru;2911659;0,995
2022;BA;Ibicoara;2912202;0,627
2022;BA;Ibiquera;2912608;0,580
2022;BA;Ibitiara;2913002;0,778
2022;BA;Igrapiúna;2913457;0,251
2022;BA;Iguaí;2913507;1,029
2022;BA;Inhambupe;2913705;0,104
2022;BA;Ipecaetá;2913804;0,499
2022;BA;Ipirá;2914000;0,541
2022;BA;Irajuba;2914208;1,289
2022;BA;Itaberaba;2914703;0,143
2022;BA;Itacaré;2914901;0,532
2022;BA;Itamari;2915700;0,649
2022;BA;Itapé;2916203;0,940
2022;BA;Itapicuru;2916500;0,396
2022;BA;Itapitanga;2916609;0,385
2022;BA;Ituberá;2917300;0,402
2022;BA;Iuiú;2917334;0,785
2022;BA;Jacobina;2917508;0,975
2022;BA;Jaguaripe;2917805;0,478
2022;BA;Jandaíra;2917904;0,554
2022;BA;Jiquiriçá;2918209;0,380
2022;BA;Jitaúna;2918308;0,475
2022;BA;Juazeiro;2918407;0,584
2022;BA;Jussara;2918506;0,727
2022;BA;Jussari;2918555;0,339
2022;BA;Jussiape;2918605;0,691
2022;BA;Lafaiete Coutinho;2918704;0,305
2022;BA;Lajedinho;2919009;0,168
2022;BA;Lapão;2919157;0,764
2022;BA;Lauro de Freitas;2919207;0,573
2022;BA;Lençóis;2919306;1,021
2022;BA;Livramento de Nossa Senhora;2919504;0,297
2022;BA;Macaúbas;2919801;0,732
2022;BA;Macururé;2919900;0,411
2022;BA;Madre de Deus;2919926;0,824
2022;BA;Malhada de Pedras;2920304;0,524
2022;BA;Maracás;2920502;1,697
2022;BA;Maraú;2920700;0,328
2022;BA;Marcionílio Souza;2920809;0,585
2022;BA;Mata de São João;2921005;0,494
2022;BA;Milagres;2921302;0,382
2022;BA;Mirangaba;2921401;0,787
2022;BA;Monte Santo;2921500;0,650
2022;BA;Morpará;2921609;0,208
2022;BA;Morro do Chapéu;2921708;1,076
2022;BA;Mucugê;2921906;0,613
2022;BA;Mundo Novo;2922102;0,363
2022;BA;Muritiba;2922300;0,294
2022;BA;Nordestina;2922656;1,844
2022;BA;Nova Ibiá;2922755;0,284
2022;BA;Nova Itarana;2922805;1,212
2022;BA;Novo Horizonte;2923035;0,415
2022;BA;Oliveira dos Brejinhos;2923209;0,227
2022;BA;Paramirim;2923605;0,329
2022;BA;Paulo Afonso;2924009;0,387
2022;BA;Pé de Serra;2924058;0,579
2022;BA;Pedro Alexandre;2924207;0,281
2022;BA;Piatã;2924306;0,205
2022;BA;Pindobaçu;2924603;2,063
2022;BA;Pintadas;2924652;0,549
2022;BA;Piraí do Norte;2924678;0,871
2022;BA;Planalto;2925006;0,808
2022;BA;Porto Seguro;2925303;0,341
2022;BA;Prado;2925501;0,649
2022;BA;Riachão das Neves;2926202;0,653
2022;BA;Rodelas;2927101;0,313
2022;BA;Salvador;2927408;66,670
2022;BA;Santa Brígida;2927606;0,416
2022;BA;Santa Cruz da Vitória;2927804;0,462
2022;BA;Santana;2928208;0,404
2022;BA;Santanópolis;2928307;1,835
2022;BA;Santa Teresinha;2928505;0,756
2022;BA;São Desidério;2928901;0,761
2022;BA;São Felipe;2929107;0,885
2022;BA;São José da Vitória;2929354;0,358
2022;BA;Seabra;2929909;0,435
2022;BA;Sebastião Laranjeiras;2930006;0,611
2022;BA;Senhor do Bonfim;2930105;0,315
2022;BA;Serra do Ramalho;2930154;1,660
2022;BA;Serrinha;2930501;0,366
2022;BA;Serrolândia;2930600;0,196
2022;BA;Sítio do Quinto;2930766;0,391
2022;BA;Sobradinho;2930774;0,396
2022;BA;Tanquinho;2931103;0,573
2022;BA;Tapiramutá;2931301;0,312
2022;BA;Teixeira de Freitas;2931350;0,522
2022;BA;Teofilândia;2931509;1,051
2022;BA;Uauá;2932002;0,976
2022;BA;Ubaíra;2932101;0,396
2022;BA;Ubatã;2932309;0,540
2022;BA;Uibaí;2932408;0,427
2022;BA;Uruçuca;2932705;0,478
2022;BA;Valença;2932903;0,357
2022;BA;Valente;2933000;1,398
2022;BA;Vereda;2933257;0,413
2022;BA;Vitória da Conquista;2933307;0,945
2022;BA;Wagner;2933406;0,773
2022;BA;Wenceslau Guimarães;2933505;0,359
2022;MG;Água Comprida;3100708;1,014
2022;MG;Aguanil;3100807;0,569
2022;MG;Águas Formosas;3100906;0,599
2022;MG;Águas Vermelhas;3101003;0,512
2022;MG;Albertina;3101409;0,522
2022;MG;Alfredo Vasconcelos;3101631;0,880
2022;MG;Almenara;3101706;0,736
2022;MG;Alto Rio Doce;3102100;0,239
2022;MG;Alvarenga;3102209;0,738
2022;MG;Alvinópolis;3102308;0,596
2022;MG;Alvorada de Minas;3102407;1,290
2022;MG;Amparo do Serra;3102506;0,757
2022;MG;Antônio Dias;3103009;0,304
2022;MG;Antônio Prado de Minas;3103108;0,567
2022;MG;Araporã;3103751;1,064
2022;MG;Araújos;3103900;0,466
2022;MG;Areado;3104304;0,364
2022;MG;Argirita;3104403;0,786
2022;MG;Astolfo Dutra;3104601;0,491
2022;MG;Barão de Cocais;3105400;0,380
2022;MG;Barbacena;3105608;0,261
2022;MG;Barra Longa;3105707;0,627
2022;MG;Bela Vista de Minas;3106002;0,502
2022;MG;Belo Horizonte;3106200;163,564
2022;MG;Belo Oriente;3106309;0,584
2022;MG;Bertópolis;3106606;0,309
2022;MG;Bias Fortes;3106804;0,842
2022;MG;Biquinhas;3107000;0,452
2022;MG;Bocaiúva;3107307;0,350
2022;MG;Bom Jesus da Penha;3107604;0,270
2022;MG;Bom Jesus do Amparo;3107703;0,307
2022;MG;Borda da Mata;3108305;0,557
2022;MG;Brasília de Minas;3108602;0,439
2022;MG;Brás Pires;3108701;0,462
2022;MG;Brazópolis;3108909;0,424
2022;MG;Bueno Brandão;3109105;1,242
2022;MG;Buenópolis;3109204;1,689
2022;MG;Bugre;3109253;1,114
2022;MG;Cabo Verde;3109501;0,397
2022;MG;Cachoeira de Minas;3109709;0,716
2022;MG;Caetanópolis;3109907;0,368
2022;MG;Caiana;3110103;0,171
2022;MG;Cajuri;3110202;0,298
2022;MG;Camacho;3110400;1,002
2022;MG;Camanducaia;3110509;0,582
2022;MG;Cambuí;3110608;0,861
2022;MG;Cambuquira;3110707;0,284
2022;MG;Campanário;3110806;0,487
2022;MG;Campestre;3111002;0,454
2022;MG;Campina Verde;3111101;0,195
2022;MG;Campo Azul;3111150;0,939
2022;MG;Cana Verde;3111903;0,676
2022;MG;Caparaó;3112109;0,386
2022;MG;Capitão Enéas;3112703;0,913
2022;MG;Carmésia;3113800;0,251
2022;MG;Carmo da Mata;3114006;0,508
2022;MG;Carrancas;3114600;0,459
2022;MG;Cascalho Rico;3115003;0,409
2022;MG;Conceição da Barra de Minas;3115201;0,870
2022;MG;Catuti;3115474;0,497
2022;MG;Cedro do Abaeté;3115607;0,300
2022;MG;Chalé;3116001;1,121
2022;MG;Claraval;3116407;0,363
2022;MG;Coluna;3116803;0,430
2022;MG;Comendador Gomes;3116902;0,707
2022;MG;Comercinho;3117009;0,342
2022;MG;Conceição das Alagoas;3117306;0,556
2022;MG;Conceição do Rio Verde;3117702;0,389
2022;MG;Conceição dos Ouros;3117801;0,538
2022;MG;Congonhas do Norte;3118106;0,607
2022;MG;Conselheiro Lafaiete;3118304;1,196
2022;MG;Conselheiro Pena;3118403;0,687
2022;MG;Consolação;3118502;0,933
2022;MG;Contagem;3118601;0,462
2022;MG;Cordisburgo;3118908;0,337
2022;MG;Cordislândia;3119005;0,345
2022;MG;Córrego Danta;3119807;0,646
2022;MG;Córrego do Bom Jesus;3119906;1,225
2022;MG;Couto de Magalhães de Minas;3120102;0,481
2022;MG;Crisólita;3120151;1,009
2022;MG;Crucilândia;3120607;0,247
2022;MG;Curral de Dentro;3120870;0,591
2022;MG;Datas;3121001;0,456
2022;MG;Delfim Moreira;3121100;0,421
2022;MG;Descoberto;3121308;0,471
2022;MG;Desterro de Entre Rios;3121407;0,381
2022;MG;Desterro do Melo;3121506;0,529
2022;MG;Dionísio;3121803;0,533
2022;MG;Divinésia;3121902;1,331
2022;MG;Divisa Nova;3122405;0,492
2022;MG;Divisópolis;3122454;0,504
2022;MG;Dom Joaquim;3122603;0,526
2022;MG;Dom Silvério;3122702;0,418
2022;MG;Dores do Turvo;3123304;0,360
2022;MG;Durandé;3123528;2,854
2022;MG;Elói Mendes;3123601;0,255
2022;MG;Engenheiro Navarro;3123809;0,354
2022;MG;Entre Folhas;3123858;0,244
2022;MG;Ervália;3124005;0,370
2022;MG;Esmeraldas;3124104;1,048
2022;MG;Espera Feliz;3124203;0,292
2022;MG;Espinosa;3124302;0,432
2022;MG;Estrela Dalva;3124609;0,554
2022;MG;Estrela do Sul;3124807;0,533
2022;MG;Extrema;3125101;0,555
2022;MG;Fama;3125200;0,268
2022;MG;São Gonçalo do Rio Preto;3125507;0,576
2022;MG;Felisburgo;3125606;0,451
2022;MG;Fernandes Tourinho;3125804;0,997
2022;MG;Fervedouro;3125952;0,485
2022;MG;Florestal;3126000;0,648
2022;MG;Formiga;3126109;0,431
2022;MG;Francisco Badaró;3126505;0,417
2022;MG;Franciscópolis;3126752;0,342
2022;MG;Frei Inocêncio;3126901;0,247
2022;MG;Funilândia;3127206;0,308
2022;MG;Gameleiras;3127339;2,324
2022;MG;Goianá;3127388;0,467
2022;MG;Gonzaga;3127503;0,735
2022;MG;Grão Mogol;3127800;0,905
2022;MG;Grupiara;3127909;0,357
2022;MG;Guanhães;3128006;0,714
2022;MG;Guapé;3128105;0,247
2022;MG;Guaranésia;3128303;0,310
2022;MG;Guaxupé;3128709;0,493
2022;MG;Guiricema;3129004;0,534
2022;MG;Iapu;3129301;0,544
2022;MG;Ibiá;3129509;1,098
2022;MG;Ibiaí;3129608;0,952
2022;MG;Ibiracatu;3129657;0,557
2022;MG;Ibiraci;3129707;0,476
2022;MG;Ibirité;3129806;0,880
2022;MG;Icaraí de Minas;3130051;0,379
2022;MG;Igarapé;3130101;0,585
2022;MG;Ijaci;3130408;0,963
2022;MG;Inconfidentes;3130606;0,529
2022;MG;Ingaí;3130804;1,382
2022;MG;Inhapim;3130903;0,825
2022;MG;Inhaúma;3131000;0,552
2022;MG;Ipaba;3131158;0,688
2022;MG;Ipatinga;3131307;0,231
2022;MG;Itabirinha;3131802;0,661
2022;MG;Itacambira;3132008;0,519
2022;MG;Itaguara;3132206;0,858
2022;MG;Itambé do Mato Dentro;3132800;0,602
2022;MG;Itapecerica;3133501;0,289
2022;MG;Itueta;3134103;1,007
2022;MG;Ituiutaba;3134202;0,444
2022;MG;Itumirim;3134301;1,114
2022;MG;Itutinga;3134509;0,449
2022;MG;Jacutinga;3134905;0,317
2022;MG;Jaguaraçu;3135001;0,288
2022;MG;Jaíba;3135050;0,247
2022;MG;Jampruca;3135076;0,685
2022;MG;Janaúba;3135100;0,393
2022;MG;Januária;3135209;0,686
2022;MG;Jequeri;3135506;0,328
2022;MG;Joaíma;3136009;0,609
2022;MG;Joaquim Felício;3136405;0,439
2022;MG;Josenópolis;3136579;1,885
2022;MG;Juruaia;3136900;0,638
2022;MG;Juvenília;3136959;0,794
2022;MG;Lagoa da Prata;3137205;0,617
2022;MG;Lambari;3137809;1,928
2022;MG;Leme do Prado;3138351;0,231
2022;MG;Liberdade;3138500;0,311
2022;MG;Limeira do Oeste;3138625;0,377
2022;MG;Luisburgo;3138674;0,629
2022;MG;Machado;3139003;0,244
2022;MG;Madre de Deus de Minas;3139102;0,298
2022;MG;Malacacheta;3139201;0,564
2022;MG;Manhuaçu;3139409;0,384
2022;MG;Manhumirim;3139508;0,213
2022;MG;Maria da Fé;3139904;0,575
2022;MG;Mariana;3140001;0,431
2022;MG;Mário Campos;3140159;0,267
2022;MG;Materlândia;3140605;0,510
2022;MG;Matias Cardoso;3140852;0,128
2022;MG;Mendes Pimentel;3141504;0,322
2022;MG;Mesquita;3141702;1,071
2022;MG;Minduri;3141900;0,724
2022;MG;Mirabela;3142007;0,460
2022;MG;Miraí;3142205;0,595
2022;MG;Miravânia;3142254;0,263
2022;MG;Moeda;3142304;0,974
2022;MG;Moema;3142403;0,510
2022;MG;Monjolos;3142502;0,487
2022;MG;Monsenhor Paulo;3142601;0,507
2022;MG;Monte Alegre de Minas;3142809;0,486
2022;MG;Monte Azul;3142908;0,470
2022;MG;Monte Carmelo;3143104;0,902
2022;MG;Morro do Pilar;3143708;0,584
2022;MG;Muriaé;3143906;0,374
2022;MG;Nepomuceno;3144607;0,442
2022;MG;Ninheira;3144656;0,831
2022;MG;Nova Belém;3144672;0,882
2022;MG;Nova Era;3144706;0,269
2022;MG;Nova Ponte;3145000;0,522
2022;MG;Nova Serrana;3145208;0,246
2022;MG;Novo Oriente de Minas;3145356;0,539
2022;MG;Novorizonte;3145372;0,356
2022;MG;Orizânia;3145877;0,259
2022;MG;Ouro Branco;3145901;0,870
2022;MG;Ouro Fino;3146008;0,800
2022;MG;Ouro Preto;3146107;0,338
2022;MG;Ouro Verde de Minas;3146206;0,588
2022;MG;Paineiras;3146404;0,449
2022;MG;Paracatu;3147006;0,441
2022;MG;Paraguaçu;3147204;0,701
2022;MG;Passa Quatro;3147600;0,567
2022;MG;Passa Tempo;3147709;0,480
2022;MG;Passos;3147907;1,399
2022;MG;Paula Cândido;3148301;0,472
2022;MG;Paulistas;3148400;0,451
2022;MG;Pavão;3148509;0,207
2022;MG;Pedra do Indaiá;3148905;1,358
2022;MG;Pedra Dourada;3149002;0,280
2022;MG;Pedro Leopoldo;3149309;0,868
2022;MG;Pequi;3149606;0,306
2022;MG;Piau;3150109;0,464
2022;MG;Piedade de Caratinga;3150158;1,288
2022;MG;Piedade dos Gerais;3150406;1,411
2022;MG;Pimenta;3150505;0,327
2022;MG;Pingo-d'Água;3150539;0,946
2022;MG;Pirajuba;3150703;0,353
2022;MG;Pirapetinga;3151107;0,562
2022;MG;Piumhi;3151503;0,294
2022;MG;Ponto Chique;3152131;0,524
2022;MG;Porteirinha;3152204;0,627
2022;MG;Prata;3152808;0,712
2022;MG;Pratápolis;3152907;0,695
2022;MG;Pratinha;3153004;0,468
2022;MG;Presidente Kubitschek;3153301;0,398
2022;MG;Presidente Olegário;3153400;0,781
2022;MG;Prudente de Morais;3153608;0,948
2022;MG;Quartel Geral;3153707;0,282
2022;MG;Reduto;3154150;0,455
2022;MG;Riacho dos Machados;3154507;0,372
2022;MG;Ribeirão Vermelho;3154705;0,556
2022;MG;Rio Espera;3155207;0,365
2022;MG;Rio Paranaíba;3155504;0,526
2022;MG;Rio Pardo de Minas;3155603;1,501
2022;MG;Rio Preto;3155900;0,445
2022;MG;Rodeiro;3156304;0,369
2022;MG;Rubelita;3156502;0,488
2022;MG;Sacramento;3156908;0,330
2022;MG;Santa Bárbara do Monte Verde;3157278;0,590
2022;MG;Santa Bárbara do Tugúrio;3157302;0,295
2022;MG;Santa Cruz de Salinas;3157377;0,571
2022;MG;Santa Efigênia de Minas;3157500;0,470
2022;MG;Santa Margarida;3157906;0,335
2022;MG;Santa Maria do Salto;3158102;0,265
2022;MG;Santa Maria do Suaçuí;3158201;0,566
2022;MG;Santana de Cataguases;3158409;1,148
2022;MG;Santana do Garambéu;3158706;0,675
2022;MG;Santana do Manhuaçu;3158904;0,663
2022;MG;Santana do Paraíso;3158953;0,404
2022;MG;Santa Rita de Caldas;3159209;0,484
2022;MG;Santo Antônio do Aventureiro;3160009;0,308
2022;MG;Santo Antônio do Grama;3160108;0,671
2022;MG;Santo Antônio do Itambé;3160207;6,139
2022;MG;Santos Dumont;3160702;0,290
2022;MG;São Brás do Suaçuí;3160900;0,443
2022;MG;São Domingos do Prata;3161007;0,331
2022;MG;São Félix de Minas;3161056;0,434
2022;MG;São Francisco;3161106;0,315
2022;MG;São Francisco de Paula;3161205;0,198
2022;MG;São Gonçalo do Rio Abaixo;3161908;0,582
2022;MG;São Gonçalo do Sapucaí;3162005;0,478
2022;MG;São João das Missões;3162450;0,688
2022;MG;São João do Manhuaçu;3162559;0,951
2022;MG;São João do Manteninha;3162575;0,590
2022;MG;São João Nepomuceno;3162906;0,695
2022;MG;São Joaquim de Bicas;3162922;0,691
2022;MG;São José da Lapa;3162955;1,058
2022;MG;São José da Varginha;3163102;0,332
2022;MG;São José do Alegre;3163201;0,421
2022;MG;São José do Divino;3163300;0,375
2022;MG;São Miguel do Anta;3163805;0,492
2022;MG;São Pedro da União;3163904;0,351
2022;MG;São Pedro dos Ferros;3164001;0,306
2022;MG;São Pedro do Suaçuí;3164100;0,374
2022;MG;São Sebastião da Bela Vista;3164407;0,318
2022;MG;São Sebastião do Paraíso;3164704;0,343
2022;MG;São Sebastião do Rio Preto;3164803;0,220
2022;MG;São Thomé das Letras;3165206;1,206
2022;MG;São Vicente de Minas;3165305;0,333
2022;MG;Sem-Peixe;3165560;0,768
2022;MG;Senador Amaral;3165578;0,762
2022;MG;Senador José Bento;3165800;0,503
2022;MG;Senador Modestino Gonçalves;3165909;0,313
2022;MG;Senhora dos Remédios;3166204;0,779
2022;MG;Serra do Salitre;3166808;0,731
2022;MG;Serranópolis de Minas;3166956;0,708
2022;MG;Serro;3167103;0,720
2022;MG;Sete Lagoas;3167202;1,807
2022;MG;Silvianópolis;3167400;0,640
2022;MG;Simão Pereira;3167509;0,735
2022;MG;Simonésia;3167608;0,363
2022;MG;Sobrália;3167707;0,464
2022;MG;Tabuleiro;3167905;0,260
2022;MG;Taparuba;3168051;0,934
2022;MG;Tapira;3168101;0,588
2022;MG;Tapiraí;3168200;0,271
2022;MG;Taquaraçu de Minas;3168309;0,170
2022;MG;Timóteo;3168705;0,506
2022;MG;Tocos do Moji;3169059;0,444
2022;MG;Três Corações;3169307;1,918
2022;MG;Três Marias;3169356;0,552
2022;MG;Três Pontas;3169406;0,745
2022;MG;Tumiritinga;3169505;0,834
2022;MG;Uberlândia;3170206;0,915
2022;MG;Umburatiba;3170305;0,492
2022;MG;Urucânia;3170503;1,042
2022;MG;Vargem Bonita;3170602;0,395
2022;MG;Várzea da Palma;3170800;0,556
2022;MG;Veredinha;3171071;0,598
2022;MG;Mathias Lobato;3171501;0,679
2022;MG;Virgínia;3171709;0,294
2022;MG;Virginópolis;3171808;0,699
2022;MG;Visconde do Rio Branco;3172004;0,636
2022;ES;Águia Branca;3200136;0,256
2022;ES;Alto Rio Novo;3200359;0,516
2022;ES;Aracruz;3200607;0,439
2022;ES;Boa Esperança;3201001;2,274
2022;ES;Bom Jesus do Norte;3201100;0,577
2022;ES;Brejetuba;3201159;0,409
2022;ES;Cariacica;3201308;0,385
2022;ES;Castelo;3201407;0,737
2022;ES;Conceição da Barra;3201605;1,108
2022;ES;Domingos Martins;3201902;1,534
2022;ES;Guaçuí;3202306;0,651
2022;ES;Guarapari;3202405;1,009
2022;ES;Ibatiba;3202454;3,500
2022;ES;Ibitirama;3202553;0,866
2022;ES;Irupi;3202652;0,309
2022;ES;Itarana;3202900;0,416
2022;ES;Iúna;3203007;0,951
2022;ES;Jerônimo Monteiro;3203106;0,532
2022;ES;João Neiva;3203130;0,538
2022;ES;Mantenópolis;3203304;0,543
2022;ES;Pancas;3204005;0,369
2022;ES;Presidente Kennedy;3204302;0,252
2022;ES;Rio Bananal;3204351;0,203
2022;ES;Santa Leopoldina;3204500;0,666
2022;ES;Sooretama;3205010;0,167
2022;ES;Viana;3205101;0,545
2022;ES;Vila Pavão;3205150;0,596
2022;ES;Vila Valério;3205176;0,631
2022;ES;Vitória;3205309;11,200
2022;RJ;Angra dos Reis;3300100;2,322
2022;RJ;Aperibé;3300159;0,266
2022;RJ;Areal;3300225;0,359
2022;RJ;Arraial do Cabo;3300258;3,553
2022;RJ;Barra do Piraí;3300308;6,586
2022;RJ;Bom Jardim;3300506;0,291
2022;RJ;Bom Jesus do Itabapoana;3300605;0,631
2022;RJ;Cachoeiras de Macacu;3300803;1,189
2022;RJ;Cambuci;3300902;1,688
2022;RJ;Carapebus;3300936;0,478
2022;RJ;Comendador Levy Gasparian;3300951;2,617
2022;RJ;Cantagalo;3301108;16,479
2022;RJ;Cardoso Moreira;3301157;0,740
2022;RJ;Carmo;3301207;1,888
2022;RJ;Casimiro de Abreu;3301306;1,008
2022;RJ;Conceição de Macabu;3301405;6,719
2022;RJ;Cordeiro;3301504;1,933
2022;RJ;Duque de Caxias;3301702;4,655
2022;RJ;Iguaba Grande;3301876;5,714
2022;RJ;Itaboraí;3301900;0,402
2022;RJ;Itaocara;3302106;3,400
2022;RJ;Itatiaia;3302254;0,708
2022;RJ;Macaé;3302403;4,684
2022;RJ;Magé;3302502;5,308
2022;RJ;Maricá;3302700;8,879
2022;RJ;Mesquita;3302858;0,720
2022;RJ;Miguel Pereira;3302908;3,442
2022;RJ;Miracema;3303005;0,760
2022;RJ;Natividade;3303104;1,563
2022;RJ;Niterói;3303302;5,313
2022;RJ;Paracambi;3303609;0,249
2022;RJ;Paty do Alferes;3303856;0,389
2022;RJ;Pinheiral;3303955;0,521
2022;RJ;Queimados;3304144;0,964
2022;RJ;Quissamã;3304151;2,560
2022;RJ;Resende;3304201;1,007
2022;RJ;Rio Claro;3304409;0,677
2022;RJ;Rio das Flores;3304508;14,405
2022;RJ;Rio das Ostras;3304524;0,816
2022;RJ;Rio de Janeiro;3304557;71,268
2022;RJ;São Francisco de Itabapoana;3304755;1,500
2022;RJ;São Fidélis;3304805;0,615
2022;RJ;São João de Meriti;3305109;0,495
2022;RJ;São Pedro da Aldeia;3305208;1,968
2022;RJ;São Sebastião do Alto;3305307;11,818
2022;RJ;Sapucaia;3305406;2,272
2022;RJ;Saquarema;3305505;1,616
2022;RJ;Tanguá;3305752;4,930
2022;RJ;Teresópolis;3305802;0,593
2022;RJ;Três Rios;3306008;0,486
2022;RJ;Volta Redonda;3306305;0,566
2022;SP;Adamantina;3500105;0,444
2022;SP;Aguaí;3500303;0,554
2022;SP;Águas de São Pedro;3500600;4,579
2022;SP;Alfredo Marcondes;3500808;0,585
2022;SP;Altair;3500907;0,521
2022;SP;Alto Alegre;3501103;4,444
2022;SP;Alumínio;3501152;0,736
2022;SP;Álvares Machado;3501301;0,433
2022;SP;Americana;3501608;0,574
2022;SP;Analândia;3502002;0,246
2022;SP;Anhumas;3502408;0,691
2022;SP;Aparecida d'Oeste;3502606;3,409
2022;SP;Araçoiaba da Serra;3502903;0,453
2022;SP;Aramina;3503000;0,150
2022;SP;Arapeí;3503158;0,854
2022;SP;Arealva;3503406;0,563
2022;SP;Areiópolis;3503604;0,444
2022;SP;Ariranha;3503703;1,935
2022;SP;Artur Nogueira;3503802;0,888
2022;SP;Arujá;3503901;0,502
2022;SP;Aspásia;3503950;0,772
2022;SP;Assis;3504008;0,491
2022;SP;Avaí;3504305;1,144
2022;SP;Avaré;3504503;0,535
2022;SP;Bady Bassitt;3504602;0,354
2022;SP;Balbinos;3504701;0,622
2022;SP;Bálsamo;3504800;0,510
2022;SP;Bariri;3505203;2,317
2022;SP;Barra do Chapéu;3505351;0,326
2022;SP;Barra do Turvo;3505401;0,503
2022;SP;Barretos;3505500;0,910
2022;SP;Bauru;3506003;0,383
2022;SP;Bento de Abreu;3506201;0,782
2022;SP;Bilac;3506409;0,448
2022;SP;Boa Esperança do Sul;3506706;0,936
2022;SP;Bofete;3506904;4,744
2022;SP;Bom Jesus dos Perdões;3507100;1,074
2022;SP;Borá;3507209;0,371
2022;SP;Borborema;3507407;0,369
2022;SP;Botucatu;3507506;0,788
2022;SP;Bragança Paulista;3507605;0,322
2022;SP;Brejo Alegre;3507753;0,226
2022;SP;Brodowski;3507803;0,853
2022;SP;Buritama;3508108;0,332
2022;SP;Buritizal;3508207;0,267
2022;SP;Cabrália Paulista;3508306;2,397
2022;SP;Cabreúva;3508405;0,889
2022;SP;Caiabu;3508900;0,280
2022;SP;Cajati;3509254;0,293
2022;SP;Cajobi;3509304;0,546
2022;SP;Campina do Monte Alegre;3509452;0,385
2022;SP;Canas;3509957;0,599
2022;SP;Cândido Rodrigues;3510104;0,643
2022;SP;Capela do Alto;3510302;0,746
2022;SP;Capivari;3510401;0,454
2022;SP;Cardoso;3510708;2,122
2022;SP;Cedral;3511300;0,838
2022;SP;Cerqueira César;3511409;0,164
2022;SP;Cerquilho;3511508;0,251
2022;SP;Charqueada;3511706;0,533
2022;SP;Colina;3512001;1,975
2022;SP;Colômbia;3512100;1,286
2022;SP;Coroados;3512506;0,410
2022;SP;Cosmópolis;3512803;0,339
2022;SP;Cosmorama;3512902;0,962
2022;SP;Cotia;3513009;3,359
2022;SP;Cruzália;3513306;0,466
2022;SP;Cruzeiro;3513405;0,467
2022;SP;Cubatão;3513504;0,723
2022;SP;Cunha;3513603;0,683
2022;SP;Descalvado;3513702;0,487
2022;SP;Dois Córregos;3514106;0,436
2022;SP;Dolcinópolis;3514205;0,317
2022;SP;Dracena;3514403;1,691
2022;SP;Duartina;3514502;0,219
2022;SP;Eldorado;3514809;0,309
2022;SP;Elias Fausto;3514908;0,727
2022;SP;Elisiário;3514924;0,310
2022;SP;Embu das Artes;3515004;0,650
2022;SP;Embu-Guaçu;3515103;0,898
2022;SP;Emilianópolis;3515129;0,829
2022;SP;Engenheiro Coelho;3515152;0,360
2022;SP;Espírito Santo do Turvo;3515194;1,632
2022;SP;Fernandópolis;3515509;0,303
2022;SP;Fernando Prestes;3515608;0,521
2022;SP;Flora Rica;3515806;1,020
2022;SP;Floreal;3515905;0,492
2022;SP;Francisco Morato;3516309;0,486
2022;SP;Gabriel Monteiro;3516507;0,517
2022;SP;Gália;3516606;0,462
2022;SP;General Salgado;3516903;0,642
2022;SP;Getulina;3517000;0,245
2022;SP;Guará;3517703;2,064
2022;SP;Guaraçaí;3517802;0,660
2022;SP;Guareí;3518503;1,538
2022;SP;Guariba;3518602;0,951
2022;SP;Guarulhos;3518800;0,346
2022;SP;Iacri;3519204;0,323
2022;SP;Iaras;3519253;0,406
2022;SP;Ibirarema;3519501;0,691
2022;SP;Iepê;3519907;0,258
2022;SP;Iguape;3520301;0,536
2022;SP;Ilha Solteira;3520442;1,089
2022;SP;Indiana;3520608;0,375
2022;SP;Indiaporã;3520707;0,679
2022;SP;Ipaussu;3520905;0,266
2022;SP;Ipeúna;3521101;0,899
2022;SP;Irapuã;3521507;0,639
2022;SP;Itaí;3521804;0,437
2022;SP;Itajobi;3521903;0,542
2022;SP;Itaju;3522000;0,479
2022;SP;Itapecerica da Serra;3522208;0,632
2022;SP;Itapeva;3522406;0,379
2022;SP;Itapevi;3522505;0,204
2022;SP;Itapirapuã Paulista;3522653;0,333
2022;SP;Itápolis;3522703;7,492
2022;SP;Itaporanga;3522802;0,584
2022;SP;Itapuí;3522901;1,275
2022;SP;Itariri;3523305;1,530
2022;SP;Itatinga;3523503;0,738
2022;SP;Itirapina;3523602;1,079
2022;SP;Itirapuã;3523701;0,573
2022;SP;Itupeva;3524006;0,736
2022;SP;Ituverava;3524105;0,535
2022;SP;Jacareí;3524402;1,360
2022;SP;Jambeiro;3524907;0,455
2022;SP;Jarinu;3525201;5,613
2022;SP;Jeriquara;3525409;0,466
2022;SP;Joanópolis;3525508;0,357
2022;SP;João Ramalho;3525607;2,571
2022;SP;Jumirim;3525854;0,402
2022;SP;Juquitiba;3526209;0,389
2022;SP;Laranjal Paulista;3526407;0,902
2022;SP;Leme;3526704;1,099
2022;SP;Lençóis Paulista;3526803;2,131
2022;SP;Lins;3527108;0,257
2022;SP;Luiziânia;3527702;0,406
2022;SP;Lupércio;3527801;1,274
2022;SP;Macatuba;3528007;0,865
2022;SP;Macaubal;3528106;1,158
2022;SP;Marabá Paulista;3528700;0,349
2022;SP;Mariápolis;3528908;0,308
2022;SP;Miguelópolis;3529708;2,278
2022;SP;Mirandópolis;3530102;2,044
2022;SP;Mirante do Paranapanema;3530201;0,207
2022;SP;Mirassol;3530300;0,423
2022;SP;Mirassolândia;3530409;0,235
2022;SP;Mogi das Cruzes;3530607;0,322
2022;SP;Monte Alto;3531308;1,710
2022;SP;Monte Aprazível;3531407;0,257
2022;SP;Monte Mor;3531803;0,749
2022;SP;Morungaba;3532009;6,657
2022;SP;Murutinga do Sul;3532108;0,999
2022;SP;Nantes;3532157;0,500
2022;SP;Natividade da Serra;3532306;4,133
2022;SP;Neves Paulista;3532504;3,033
2022;SP;Nhandeara;3532603;1,887
2022;SP;Nova Aliança;3532801;0,916
2022;SP;Nova Campina;3532827;0,311
2022;SP;Nova Canaã Paulista;3532843;0,496
2022;SP;Nova Europa;3532900;11,378
2022;SP;Nova Granada;3533007;0,834
2022;SP;Nova Guataporanga;3533106;0,545
2022;SP;Nova Independência;3533205;0,331
2022;SP;Novais;3533254;0,505
2022;SP;Nova Luzitânia;3533304;0,248
2022;SP;Nuporanga;3533601;0,982
2022;SP;Olímpia;3533908;0,739
2022;SP;Orindiúva;3534203;0,285
2022;SP;Orlândia;3534302;0,706
2022;SP;Ourinhos;3534708;0,631
2022;SP;Palmital;3535309;1,175
2022;SP;Paraibuna;3535606;0,538
2022;SP;Paraíso;3535705;0,629
2022;SP;Paranapanema;3535804;0,611
2022;SP;Pardinho;3536109;0,403
2022;SP;Parisi;3536257;0,450
2022;SP;Paulínia;3536505;1,636
2022;SP;Paulistânia;3536570;0,343
2022;SP;Pedranópolis;3536901;0,505
2022;SP;Pedro de Toledo;3537206;0,182
2022;SP;Penápolis;3537305;0,654
2022;SP;Pereira Barreto;3537404;2,654
2022;SP;Piraju;3538808;31,857
2022;SP;Pirassununga;3539301;1,679
2022;SP;Piratininga;3539400;0,628
2022;SP;Pitangueiras;3539509;2,114
2022;SP;Planalto;3539608;1,676
2022;SP;Pompéia;3540002;0,263
2022;SP;Pontal;3540200;0,515
2022;SP;Porangaba;3540507;0,229
2022;SP;Porto Ferreira;3540705;0,899
2022;SP;Praia Grande;3541000;0,429
2022;SP;Pratânia;3541059;0,699
2022;SP;Presidente Alves;3541109;0,494
2022;SP;Presidente Prudente;3541406;0,436
2022;SP;Quadra;3541653;1,116
2022;SP;Queluz;3541901;0,350
2022;SP;Rancharia;3542206;0,632
2022;SP;Redenção da Serra;3542305;0,289
2022;SP;Regente Feijó;3542404;0,890
2022;SP;Registro;3542602;2,374
2022;SP;Ribeira;3542800;0,395
2022;SP;Ribeirão Branco;3543006;1,803
2022;SP;Ribeirão do Sul;3543204;2,110
2022;SP;Ribeirão Grande;3543253;0,191
2022;SP;Rinópolis;3543808;0,549
2022;SP;Rio Claro;3543907;0,443
2022;SP;Rio das Pedras;3544004;4,029
2022;SP;Rio Grande da Serra;3544103;0,786
2022;SP;Riolândia;3544202;0,436
2022;SP;Rosana;3544251;0,758
2022;SP;Salmourão;3545100;0,982
2022;SP;Saltinho;3545159;0,657
2022;SP;Sandovalina;3545506;0,463
2022;SP;Santa Bárbara d'Oeste;3545803;0,927
2022;SP;Santa Branca;3546009;3,191
2022;SP;Santa Cruz da Conceição;3546207;0,610
2022;SP;Santa Ernestina;3546504;0,653
2022;SP;Santa Fé do Sul;3546603;3,259
2022;SP;Santana de Parnaíba;3547304;0,397
2022;SP;Santa Rita d'Oeste;3547403;0,971
2022;SP;Santa Rita do Passa Quatro;3547502;1,128
2022;SP;Santa Rosa de Viterbo;3547601;0,664
2022;SP;Santo Antônio da Alegria;3547908;2,580
2022;SP;Santo Antônio de Posse;3548005;0,262
2022;SP;Santo Antônio do Pinhal;3548203;0,227
2022;SP;Santópolis do Aguapeí;3548401;0,569
2022;SP;Santos;3548500;0,317
2022;SP;São Francisco;3549003;0,324
2022;SP;São João da Boa Vista;3549102;0,415
2022;SP;São João de Iracema;3549250;1,270
2022;SP;São João do Pau d'Alho;3549300;0,423
2022;SP;São José da Bela Vista;3549508;4,060
2022;SP;São José do Barreiro;3549607;0,391
2022;SP;São José do Rio Pardo;3549706;1,377
2022;SP;São José dos Campos;3549904;6,967
2022;SP;São Lourenço da Serra;3549953;0,849
2022;SP;São Paulo;3550308;327,529
2022;SP;São Pedro do Turvo;3550506;0,291
2022;SP;São Roque;3550605;0,585
2022;SP;Sebastianópolis do Sul;3551306;10,338
2022;SP;Serra Azul;3551405;0,524
2022;SP;Serrana;3551504;1,096
2022;SP;Severínia;3551900;1,356
2022;SP;Socorro;3552106;0,471
2022;SP;Suzano;3552502;2,245
2022;SP;Suzanápolis;3552551;0,238
2022;SP;Taboão da Serra;3552809;0,433
2022;SP;Taiaçu;3553104;1,408
2022;SP;Tambaú;3553302;0,725
2022;SP;Tapiraí;3553500;0,641
2022;SP;Taquarituba;3553807;1,085
2022;SP;Tarumã;3553955;2,354
2022;SP;Taubaté;3554102;0,410
2022;SP;Torre de Pedra;3554656;0,401
2022;SP;Tupi Paulista;3555109;7,278
2022;SP;Turiúba;3555208;0,468
2022;SP;Ubirajara;3555505;0,525
2022;SP;Valinhos;3556206;0,634
2022;SP;Vargem;3556354;0,530
2022;SP;Vargem Grande do Sul;3556404;0,420
2022;SP;Vargem Grande Paulista;3556453;0,301
2022;SP;Várzea Paulista;3556503;0,549
2022;SP;Vera Cruz;3556602;0,278
2022;SP;Vinhedo;3556701;0,613
2022;SP;Vista Alegre do Alto;3556909;0,429
2022;SP;Votorantim;3557006;2,474
2022;SP;Votuporanga;3557105;0,377
2022;PR;Adrianópolis;4100202;0,517
2022;PR;Altamira do Paraná;4100459;0,440
2022;PR;Altônia;4100509;0,821
2022;PR;Alto Paraná;4100608;0,586
2022;PR;Alto Piquiri;4100707;0,415
2022;PR;Araucária;4101804;0,569
2022;PR;Ariranha do Ivaí;4101853;0,777
2022;PR;Assis Chateaubriand;4102000;0,484
2022;PR;Balsa Nova;4102307;0,486
2022;PR;Bandeirantes;4102406;0,192
2022;PR;Barracão;4102604;0,620
2022;PR;Barra do Jacaré;4102703;0,217
2022;PR;Boa Esperança;4103008;0,563
2022;PR;Boa Ventura de São Roque;4103040;0,401
2022;PR;Bom Jesus do Sul;4103156;0,430
2022;PR;Brasilândia do Sul;4103370;0,295
2022;PR;Cafeara;4103404;0,335
2022;PR;Cafelândia;4103453;0,175
2022;PR;Cambira;4103800;0,786
2022;PR;Campina da Lagoa;4103909;0,450
2022;PR;Campo Bonito;4104055;0,390
2022;PR;Campo Magro;4104253;0,177
2022;PR;Cantagalo;4104451;0,394
2022;PR;Castro;4104907;0,277
2022;PR;Centenário do Sul;4105102;0,177
2022;PR;Céu Azul;4105300;0,581
2022;PR;Cianorte;4105508;0,372
2022;PR;Congonhinhas;4106001;1,529
2022;PR;Contenda;4106209;0,445
2022;PR;Corbélia;4106308;0,399
2022;PR;Cruz Machado;4106803;0,981
2022;PR;Curitiba;4106902;27,139
2022;PR;Diamante do Sul;4107124;0,489
2022;PR;Diamante D'Oeste;4107157;0,858
2022;PR;Espigão Alto do Iguaçu;4107546;0,512
2022;PR;Farol;4107553;0,409
2022;PR;Fênix;4107702;0,861
2022;PR;Figueira;4107751;0,732
2022;PR;Floraí;4107801;1,255
2022;PR;Flor da Serra do Sul;4107850;0,773
2022;PR;Floresta;4107900;0,500
2022;PR;Francisco Alves;4108320;0,502
2022;PR;Francisco Beltrão;4108403;0,476
2022;PR;Goioerê;4108601;0,321
2022;PR;Goioxim;4108650;0,540
2022;PR;Grandes Rios;4108700;0,847
2022;PR;Guaporema;4109104;0,777
2022;PR;Guaraci;4109203;0,347
2022;PR;Icaraíma;4109906;0,362
2022;PR;Inajá;4110300;0,743
2022;PR;Iracema do Oeste;4110656;0,349
2022;PR;Iretama;4110805;0,335
2022;PR;Itapejara d'Oeste;4111209;0,334
2022;PR;Itaperuçu;4111258;0,440
2022;PR;Ivaiporã;4111506;0,834
2022;PR;Jacarezinho;4111803;0,482
2022;PR;Janiópolis;4112207;0,401
2022;PR;Japira;4112306;0,851
2022;PR;Jataizinho;4112702;0,366
2022;PR;Jundiaí do Sul;4112900;0,318
2022;PR;Juranda;4112959;0,429
2022;PR;Kaloré;4113106;0,425
2022;PR;Lapa;4113205;0,551
2022;PR;Mandaguari;4114203;1,281
2022;PR;Mangueirinha;4114401;0,294
2022;PR;Marechal Cândido Rondon;4114609;0,422
2022;PR;Marialva;4114807;0,666
2022;PR;Maringá;4115200;0,705
2022;PR;Maripá;4115358;1,216
2022;PR;Marquinho;4115457;6,080
2022;PR;Mauá da Serra;4115754;0,415
2022;PR;Medianeira;4115804;0,448
2022;PR;Mercedes;4115853;0,332
2022;PR;Munhoz de Melo;4116307;0,463
2022;PR;Nova Prata do Iguaçu;4117255;0,644
2022;PR;Novo Itacolomi;4117297;0,478
2022;PR;Palmeira;4117701;0,454
2022;PR;Palotina;4117909;0,652
2022;PR;Paraíso do Norte;4118006;0,729
2022;PR;Pato Branco;4118501;0,684
2022;PR;Paulo Frontin;4118709;0,785
2022;PR;Peabiru;4118808;0,540
2022;PR;Pérola;4118907;0,308
2022;PR;Pinhais;4119152;0,391
2022;PR;Piraí do Sul;4119400;0,416
2022;PR;Pitanga;4119608;0,519
2022;PR;Pitangueiras;4119657;0,772
2022;PR;Planaltina do Paraná;4119707;0,541
2022;PR;Ponta Grossa;4119905;0,307
2022;PR;Pontal do Paraná;4119954;0,673
2022;PR;Porecatu;4120002;0,573
2022;PR;Porto Barreiro;4120150;0,589
2022;PR;Porto Rico;4120200;1,331
2022;PR;Prado Ferreira;4120333;1,442
2022;PR;Primeiro de Maio;4120507;0,624
2022;PR;Prudentópolis;4120606;0,448
2022;PR;Quatro Pontes;4120853;0,692
2022;PR;Quedas do Iguaçu;4120903;0,164
2022;PR;Ramilândia;4121257;0,256
2022;PR;Reserva do Iguaçu;4121752;0,844
2022;PR;Ribeirão Claro;4121802;0,378
2022;PR;Rio Bom;4122107;0,375
2022;PR;Rio Branco do Sul;4122206;0,784
2022;PR;Rio Negro;4122305;0,534
2022;PR;Roncador;4122503;0,498
2022;PR;Rondon;4122602;0,571
2022;PR;Sabáudia;4122701;0,706
2022;PR;Salto do Lontra;4123006;1,973
2022;PR;Santa Fé;4123402;0,258
2022;PR;Santa Helena;4123501;0,613
2022;PR;Santa Mônica;4123956;0,894
2022;PR;Santo Antônio da Platina;4124103;0,186
2022;PR;Santo Antônio do Paraíso;4124301;0,646
2022;PR;Santo Antônio do Sudoeste;4124400;0,928
2022;PR;Santo Inácio;4124509;0,268
2022;PR;São Jerônimo da Serra;4124707;0,425
2022;PR;São João;4124806;1,115
2022;PR;São Mateus do Sul;4125605;0,207
2022;PR;São Pedro do Ivaí;4125803;0,686
2022;PR;Sarandi;4126256;0,298
2022;PR;Saudade do Iguaçu;4126272;1,240
2022;PR;Sertaneja;4126405;1,696
2022;PR;Sulina;4126652;0,328
2022;PR;Tamarana;4126678;0,460
2022;PR;Tapira;4126900;0,686
2022;PR;Terra Boa;4127205;1,724
2022;PR;Terra Roxa;4127403;0,620
2022;PR;Tijucas do Sul;4127601;0,247
2022;PR;Tunas do Paraná;4127882;0,318
2022;PR;Tuneiras do Oeste;4127908;1,024
2022;PR;Tupãssi;4127957;0,758
2022;PR;Umuarama;4128104;0,497
2022;PR;Uraí;4128401;1,087
2022;PR;Wenceslau Braz;4128500;0,304
2022;PR;Ventania;4128534;0,274
2022;PR;Vera Cruz do Oeste;4128559;0,635
2022;PR;Alto Paraíso;4128625;0,683
2022;PR;Doutor Ulysses;4128633;0,482
2022;PR;Vitorino;4128708;0,223
2022;SC;Água Doce;4200408;0,544
2022;SC;Águas de Chapecó;4200507;0,464
2022;SC;Alfredo Wagner;4200705;0,873
2022;SC;Anchieta;4200804;0,467
2022;SC;Angelina;4200903;0,303
2022;SC;Anitápolis;4201109;0,497
2022;SC;Apiúna;4201257;0,363
2022;SC;Arabutã;4201273;0,370
2022;SC;Araquari;4201307;1,557
2022;SC;Armazém;4201505;0,409
2022;SC;Barra Velha;4202107;0,421
2022;SC;Bombinhas;4202453;0,388
2022;SC;Bom Jesus do Oeste;4202578;0,678
2022;SC;Braço do Norte;4202800;0,278
2022;SC;Brusque;4202909;0,497
2022;SC;Caibi;4203105;0,369
2022;SC;Campo Belo do Sul;4203402;0,362
2022;SC;Canelinha;4203709;0,709
2022;SC;Cerro Negro;4204178;0,696
2022;SC;Chapecó;4204202;0,547
2022;SC;Cordilheira Alta;4204350;0,738
2022;SC;Coronel Freitas;4204400;1,045
2022;SC;Corupá;4204509;0,678
2022;SC;Curitibanos;4204806;0,513
2022;SC;Dionísio Cerqueira;4205001;1,464
2022;SC;Entre Rios;4205175;0,288
2022;SC;Faxinal dos Guedes;4205308;0,369
2022;SC;Florianópolis;4205407;37,161
2022;SC;Forquilhinha;4205456;0,528
2022;SC;Fraiburgo;4205506;0,277
2022;SC;Garopaba;4205704;0,474
2022;SC;Guarujá do Sul;4206603;0,426
2022;SC;Guatambú;4206652;0,566
2022;SC;Ibicaré;4206801;0,968
2022;SC;Ilhota;4207106;0,469
2022;SC;Imbituba;4207304;0,578
2022;SC;Imbuia;4207403;0,480
2022;SC;Indaial;4207502;1,467
2022;SC;Ipuaçu;4207684;0,584
2022;SC;Ipumirim;4207700;0,305
2022;SC;Iraceminha;4207759;0,601
2022;SC;Irineópolis;4207908;0,506
2022;SC;Itá;4208005;0,420
2022;SC;Ituporanga;4208500;0,355
2022;SC;José Boiteux;4209151;0,489
2022;SC;Laguna;4209409;0,404
2022;SC;Lajeado Grande;4209458;0,401
2022;SC;Laurentino;4209508;0,551
2022;SC;Lebon Régis;4209706;0,619
2022;SC;Leoberto Leal;4209805;0,897
2022;SC;Major Vieira;4210308;0,386
2022;SC;Maracajá;4210407;0,398
2022;SC;Mirim Doce;4210852;0,642
2022;SC;Mondaí;4211009;0,512
2022;SC;Monte Castelo;4211108;0,338
2022;SC;Morro da Fumaça;4211207;0,187
2022;SC;Morro Grande;4211256;0,728
2022;SC;Nova Erechim;4211405;0,301
2022;SC;Nova Veneza;4211603;0,274
2022;SC;Novo Horizonte;4211652;0,624
2022;SC;Orleans;4211702;0,236
2022;SC;Paial;4211876;1,421
2022;SC;Painel;4211892;0,696
2022;SC;Palmeira;4212056;0,588
2022;SC;Palmitos;4212106;0,400
2022;SC;Paraíso;4212239;0,404
2022;SC;Paulo Lopes;4212304;0,334
2022;SC;Pedras Grandes;4212403;0,399
2022;SC;Petrolândia;4212700;0,396
2022;SC;Pomerode;4213203;0,464
2022;SC;Pouso Redondo;4213708;0,705
2022;SC;Praia Grande;4213807;0,579
2022;SC;Princesa;4214151;0,458
2022;SC;Rio do Campo;4214508;0,373
2022;SC;Rio do Oeste;4214607;0,680
2022;SC;Riqueza;4215075;0,778
2022;SC;Romelândia;4215208;0,486
2022;SC;Salete;4215307;0,591
2022;SC;Saltinho;4215356;0,329
2022;SC;Santa Rosa do Sul;4215653;0,356
2022;SC;Santa Terezinha do Progresso;4215687;0,253
2022;SC;Santo Amaro da Imperatriz;4215703;0,516
2022;SC;São Bernardino;4215752;0,282
2022;SC;São Bento do Sul;4215802;1,799
2022;SC;São Carlos;4216008;0,675
2022;SC;São João do Itaperiú;4216354;0,552
2022;SC;São Lourenço do Oeste;4216909;0,379
2022;SC;São Pedro de Alcântara;4217253;0,393
2022;SC;Schroeder;4217402;0,538
2022;SC;Seara;4217501;1,203
2022;SC;Sul Brasil;4217758;0,678
2022;SC;Tangará;4217907;0,613
2022;SC;Tigrinhos;4217956;0,426
2022;SC;Tijucas;4218004;0,197
2022;SC;Tubarão;4218707;0,393
2022;SC;União do Oeste;4218855;0,386
2022;SC;Urubici;4218905;0,434
2022;SC;Urussanga;4219002;0,463
2022;SC;Vargeão;4219101;1,016
2022;SC;Videira;4219309;0,334
2022;SC;Xanxerê;4219507;0,719
2022;SC;Zortéa;4219853;0,980
2022;SC;Balneário Rincão;4220000;1,235
2022;RS;Aceguá;4300034;0,507
2022;RS;Ajuricaba;4300208;0,294
2022;RS;Alegria;4300455;0,281
2022;RS;Amaral Ferrador;4300638;0,845
2022;RS;Antônio Prado;4300802;0,707
2022;RS;Arambaré;4300851;0,485
2022;RS;Aratiba;4300901;0,571
2022;RS;Arroio do Meio;4301008;0,592
2022;RS;Arroio dos Ratos;4301107;0,290
2022;RS;Arroio do Tigre;4301206;0,254
2022;RS;Áurea;4301552;0,228
2022;RS;Barra do Rio Azul;4301925;0,538
2022;RS;Barra Funda;4301958;0,822
2022;RS;Benjamin Constant do Sul;4302055;0,609
2022;RS;Boa Vista das Missões;4302154;0,350
2022;RS;Bom Jesus;4302303;0,194
2022;RS;Bom Retiro do Sul;4302402;0,715
2022;RS;Braga;4302600;0,492
2022;RS;Brochier;4302659;0,921
2022;RS;Butiá;4302709;0,533
2022;RS;Caçapava do Sul;4302808;0,348
2022;RS;Cacique Doble;4303202;0,390
2022;RS;Caibaté;4303301;0,388
2022;RS;Cambará do Sul;4303608;0,605
2022;RS;Campo Bom;4303905;0,343
2022;RS;Cândido Godói;4304309;0,394
2022;RS;Canela;4304408;0,358
2022;RS;Capão Bonito do Sul;4304622;0,343
2022;RS;Capão da Canoa;4304630;0,404
2022;RS;Capão do Leão;4304663;0,484
2022;RS;Capivari do Sul;4304671;0,615
2022;RS;Carazinho;4304705;0,755
2022;RS;Caraá;4304713;1,663
2022;RS;Carlos Barbosa;4304804;0,749
2022;RS;Carlos Gomes;4304853;0,671
2022;RS;Caxias do Sul;4305108;0,438
2022;RS;Cerro Grande do Sul;4305173;0,749
2022;RS;Chapada;4305306;1,002
2022;RS;Charrua;4305371;0,561
2022;RS;Chuí;4305439;0,489
2022;RS;Chuvisca;4305447;0,619
2022;RS;Cidreira;4305454;1,020
2022;RS;Colinas;4305587;0,354
2022;RS;Colorado;4305603;0,921
2022;RS;Cotiporã;4305959;0,667
2022;RS;Crissiumal;4306007;0,371
2022;RS;Cristal;4306056;0,431
2022;RS;Cruz Alta;4306106;0,562
2022;RS;Cruzaltense;4306130;0,356
2022;RS;Cruzeiro do Sul;4306205;0,881
2022;RS;David Canabarro;4306304;0,680
2022;RS;Derrubadas;4306320;0,261
2022;RS;Dilermando de Aguiar;4306379;0,662
2022;RS;Dois Lajeados;4306452;0,519
2022;RS;Dom Pedro de Alcântara;4306551;0,575
2022;RS;Dona Francisca;4306700;0,667
2022;RS;Doutor Maurício Cardoso;4306734;0,534
2022;RS;Encantado;4306809;0,589
2022;RS;Erval Seco;4307302;0,366
2022;RS;Estação;4307559;0,952
2022;RS;Esteio;4307708;0,642
2022;RS;Estrela;4307807;0,292
2022;RS;Eugênio de Castro;4307831;0,652
2022;RS;Farroupilha;4307906;0,221
2022;RS;Fazenda Vilanova;4308078;0,242
2022;RS;Feliz;4308102;1,917
2022;RS;Flores da Cunha;4308201;0,932
2022;RS;Floriano Peixoto;4308250;0,445
2022;RS;Forquetinha;4308433;0,605
2022;RS;Garruchos;4308656;0,568
2022;RS;Gaurama;4308706;0,450
2022;RS;Glorinha;4309050;0,330
2022;RS;Gramado;4309100;0,266
2022;RS;Gramado dos Loureiros;4309126;0,732
2022;RS;Gramado Xavier;4309159;0,420
2022;RS;Guaíba;4309308;0,223
2022;RS;Ibiaçá;4309803;0,428
2022;RS;Igrejinha;4310108;0,427
2022;RS;Ijuí;4310207;16,682
2022;RS;Independência;4310405;0,386
2022;RS;Ipê;4310439;0,538
2022;RS;Iraí;4310504;0,543
2022;RS;Itacurubi;4310553;0,497
2022;RS;Itaqui;4310603;0,387
2022;RS;Itati;4310652;0,522
2022;RS;Jacutinga;4310900;0,351
2022;RS;Jaguari;4311106;0,668
2022;RS;Jari;4311130;0,484
2022;RS;Lagoa dos Três Cantos;4311270;0,343
2022;RS;Lagoa Vermelha;4311304;0,724
2022;RS;Lajeado do Bugre;4311429;0,568
2022;RS;Linha Nova;4311643;0,407
2022;RS;Maratá;4311791;0,794
2022;RS;Marau;4311809;0,522
2022;RS;Mata;4312104;0,701
2022;RS;Maximiliano de Almeida;4312203;0,350
2022;RS;Minas do Leão;4312252;0,445
2022;RS;Monte Belo do Sul;4312385;0,667
2022;RS;Muliterno;4312625;0,442
2022;RS;Não-Me-Toque;4312658;0,799
2022;RS;Nicolau Vergueiro;4312674;0,788
2022;RS;Nonoai;4312708;0,847
2022;RS;Nova Araçá;4312807;0,507
2022;RS;Nova Esperança do Sul;4313037;0,250
2022;RS;Nova Hartz;4313060;0,800
2022;RS;Nova Pádua;4313086;0,193
2022;RS;Nova Ramada;4313334;2,606
2022;RS;Nova Roma do Sul;4313359;0,937
2022;RS;Novo Barreiro;4313490;0,356
2022;RS;Panambi;4313904;0,655
2022;RS;Pantano Grande;4313953;0,268
2022;RS;Paraí;4314001;0,408
2022;RS;Paraíso do Sul;4314027;0,737
2022;RS;Pareci Novo;4314035;0,484
2022;RS;Passa Sete;4314068;0,159
2022;RS;Paverama;4314159;0,400
2022;RS;Pedras Altas;4314175;0,224
2022;RS;Pinheirinho do Vale;4314498;0,442
2022;RS;Pinto Bandeira;4314548;0,357
2022;RS;Pontão;4314779;0,152
2022;RS;Ponte Preta;4314787;0,343
2022;RS;Portão;4314803;0,295
2022;RS;Porto Alegre;4314902;65,152
2022;RS;Pouso Novo;4315131;0,340
2022;RS;Presidente Lucena;4315149;0,542
2022;RS;Putinga;4315206;1,266
2022;RS;Rio dos Índios;4315552;0,937
2022;RS;Riozinho;4315750;0,528
2022;RS;Roca Sales;4315800;1,204
2022;RS;Rolador;4315958;0,435
2022;RS;Rolante;4316006;0,323
2022;RS;Saldanha Marinho;4316436;0,619
2022;RS;Salvador do Sul;4316501;0,511
2022;RS;Santa Cecília do Sul;4316733;0,488
2022;RS;Santa Cruz do Sul;4316808;0,468
2022;RS;Santa Maria;4316907;0,424
2022;RS;Santa Margarida do Sul;4316972;0,366
2022;RS;Sant'Ana do Livramento;4317103;0,472
2022;RS;Santo Antônio do Palma;4317558;0,326
2022;RS;Santo Antônio da Patrulha;4317608;0,847
2022;RS;Santo Augusto;4317806;0,535
2022;RS;Santo Cristo;4317905;0,273
2022;RS;São Domingos do Sul;4318051;0,841
2022;RS;São Gabriel;4318309;0,887
2022;RS;São Jerônimo;4318408;0,442
2022;RS;São Jorge;4318440;0,406
2022;RS;São José do Norte;4318507;0,830
2022;RS;São José do Sul;4318614;0,855
2022;RS;São Leopoldo;4318705;0,228
2022;RS;São Marcos;4319000;0,687
2022;RS;São Martinho;4319109;0,816
2022;RS;São Martinho da Serra;4319125;0,364
2022;RS;São Paulo das Missões;4319307;0,322
2022;RS;São Pedro da Serra;4319356;0,644
2022;RS;São Pedro das Missões;4319364;1,197
2022;RS;São Pedro do Sul;4319406;0,906
2022;RS;São Sepé;4319604;0,675
2022;RS;São Valério do Sul;4319737;0,458
2022;RS;Sapiranga;4319901;0,492
2022;RS;Seberi;4320206;0,473
2022;RS;Segredo;4320263;0,425
2022;RS;Serafina Corrêa;4320404;0,360
2022;RS;Sério;4320453;0,660
2022;RS;Sete de Setembro;4320578;0,261
2022;RS;Soledade;4320800;0,702
2022;RS;Tapes;4321105;0,384
2022;RS;Tavares;4321352;0,600
2022;RS;Tio Hugo;4321469;0,344
2022;RS;Três Cachoeiras;4321667;0,231
2022;RS;Três Coroas;4321709;0,926
2022;RS;Três Forquilhas;4321832;0,750
2022;RS;Tucunduva;4322103;0,415
2022;RS;Tupanci do Sul;4322186;1,217
2022;RS;Ubiretama;4322343;1,008
2022;RS;Unistalda;4322376;0,624
2022;RS;Vacaria;4322509;0,251
2022;RS;Vale do Sol;4322533;0,263
2022;RS;Vale Real;4322541;0,521
2022;RS;Veranópolis;4322806;0,765
2022;RS;Viamão;4323002;1,038
2022;RS;Victor Graeff;4323200;0,540
2022;RS;Vila Flores;4323309;0,698
2022;RS;Vila Lângaro;4323358;0,825
2022;RS;Vila Maria;4323408;0,227
2022;RS;Vila Nova do Sul;4323457;0,371
2022;RS;Vista Alegre;4323507;0,584
2022;RS;Vista Gaúcha;4323705;0,625
2022;RS;Xangri-lá;4323804;0,295
2022;MS;Água Clara;5000203;0,658
2022;MS;Anastácio;5000708;0,691
2022;MS;Angélica;5000856;0,533
2022;MS;Antônio João;5000906;0,648
2022;MS;Bandeirantes;5001508;0,562
2022;MS;Batayporã;5002001;0,600
2022;MS;Bela Vista;5002100;0,435
2022;MS;Bodoquena;5002159;0,343
2022;MS;Brasilândia;5002308;0,438
2022;MS;Camapuã;5002605;0,558
2022;MS;Campo Grande;5002704;2,043
2022;MS;Cassilândia;5002902;0,571
2022;MS;Chapadão do Sul;5002951;0,342
2022;MS;Dois Irmãos do Buriti;5003488;0,244
2022;MS;Figueirão;5003900;0,471
2022;MS;Itaporã;5004502;0,166
2022;MS;Juti;5005152;1,149
2022;MS;Miranda;5005608;0,411
2022;MS;Paraíso das Águas;5006275;0,523
2022;MS;Paranaíba;5006309;0,800
2022;MS;Paranhos;5006358;0,683
2022;MS;Pedro Gomes;5006408;0,278
2022;MS;Ponta Porã;5006606;0,316
2022;MS;Ribas do Rio Pardo;5007109;0,330
2022;MS;Rio Negro;5007307;1,646
2022;MS;Rio Verde de Mato Grosso;5007406;0,218
2022;MS;São Gabriel do Oeste;5007695;0,417
2022;MS;Selvíria;5007802;0,788
2022;MS;Sidrolândia;5007901;0,462
2022;MT;Alta Floresta;5100250;0,424
2022;MT;Alto Araguaia;5100300;0,902
2022;MT;Alto Boa Vista;5100359;0,217
2022;MT;Apiacás;5100805;0,604
2022;MT;Araguaiana;5101001;0,684
2022;MT;Barra do Garças;5101803;0,530
2022;MT;Campinápolis;5102603;0,790
2022;MT;Campo Verde;5102678;0,368
2022;MT;Canarana;5102702;0,455
2022;MT;Colniza;5103254;0,773
2022;MT;Cuiabá;5103403;2,568
2022;MT;Curvelândia;5103437;0,670
2022;MT;Diamantino;5103502;0,370
2022;MT;General Carneiro;5103908;0,733
2022;MT;Glória D'Oeste;5103957;0,441
2022;MT;Indiavaí;5104500;0,756
2022;MT;Ipiranga do Norte;5104526;0,517
2022;MT;Itanhangá;5104542;0,823
2022;MT;Jauru;5105002;0,394
2022;MT;Juína;5105150;0,383
2022;MT;Lucas do Rio Verde;5105259;0,816
2022;MT;Luciara;5105309;0,458
2022;MT;Matupá;5105606;0,409
2022;MT;Mirassol d'Oeste;5105622;0,418
2022;MT;Nobres;5105903;0,733
2022;MT;Nortelândia;5106000;0,684
2022;MT;Nova Bandeirantes;5106158;0,313
2022;MT;Nova Santa Helena;5106190;0,372
2022;MT;Nova Canaã do Norte;5106216;0,719
2022;MT;Nova Olímpia;5106232;0,599
2022;MT;Novo Mundo;5106265;0,155
2022;MT;Novo São Joaquim;5106281;0,530
2022;MT;Novo Santo Antônio;5106315;0,447
2022;MT;Poconé;5106505;0,773
2022;MT;Pontal do Araguaia;5106653;0,983
2022;MT;Ponte Branca;5106703;0,407
2022;MT;Primavera do Leste;5107040;1,561
2022;MT;São José dos Quatro Marcos;5107107;0,214
2022;MT;Reserva do Cabaçal;5107156;0,446
2022;MT;Rio Branco;5107206;0,481
2022;MT;São José do Povo;5107297;0,654
2022;MT;São José do Rio Claro;5107305;0,733
2022;MT;Rosário Oeste;5107701;0,805
2022;MT;Santa Rita do Trivelato;5107768;0,676
2022;MT;Santo Antônio do Leste;5107792;0,554
2022;MT;Sinop;5107909;0,440
2022;MT;Terra Nova do Norte;5108055;0,284
2022;MT;Vera;5108501;0,424
2022;MT;Nova Monte Verde;5108956;2,227
2022;GO;Acreúna;5200134;0,265
2022;GO;Águas Lindas de Goiás;5200258;0,683
2022;GO;Alexânia;5200308;0,684
2022;GO;Alto Paraíso de Goiás;5200605;0,622
2022;GO;Alvorada do Norte;5200803;0,563
2022;GO;Amaralina;5200829;0,278
2022;GO;Amorinópolis;5200902;0,310
2022;GO;Anicuns;5201306;0,358
2022;GO;Aparecida do Rio Doce;5201454;0,384
2022;GO;Aporé;5201504;0,920
2022;GO;Aragoiânia;5201801;0,531
2022;GO;Arenópolis;5202353;0,348
2022;GO;Aurilândia;5202601;0,658
2022;GO;Avelinópolis;5202809;0,955
2022;GO;Bonfinópolis;5203559;0,382
2022;GO;Bonópolis;5203575;0,465
2022;GO;Buriti Alegre;5203906;0,364
2022;GO;Cachoeira Alta;5204102;0,627
2022;GO;Caldazinha;5204557;0,600
2022;GO;Campestre de Goiás;5204607;0,540
2022;GO;Catalão;5205109;0,501
2022;GO;Caturaí;5205208;0,275
2022;GO;Cavalcante;5205307;0,242
2022;GO;Ceres;5205406;0,475
2022;GO;Cidade Ocidental;5205497;0,287
2022;GO;Corumbaíba;5205901;1,066
2022;GO;Damianópolis;5206701;0,252
2022;GO;Edealina;5207352;0,378
2022;GO;Estrela do Norte;5207501;0,390
2022;GO;Faina;5207535;0,157
2022;GO;Firminópolis;5207808;0,322
2022;GO;Formoso;5208103;0,541
2022;GO;Gameleira de Goiás;5208152;0,963
2022;GO;Divinópolis de Goiás;5208301;0,946
2022;GO;Goiânia;5208707;11,687
2022;GO;Guapó;5209200;0,549
2022;GO;Guarinos;5209457;0,720
2022;GO;Heitoraí;5209606;0,303
2022;GO;Hidrolândia;5209705;0,254
2022;GO;Ipameri;5210109;0,321
2022;GO;Itajá;5210802;0,403
2022;GO;Jandaia;5211701;0,607
2022;GO;Jesúpolis;5212055;0,281
2022;GO;Jussara;5212204;0,581
2022;GO;Lagoa Santa;5212253;0,418
2022;GO;Matrinchã;5212956;0,302
2022;GO;Minaçu;5213087;0,778
2022;GO;Morro Agudo de Goiás;5213855;0,725
2022;GO;Nerópolis;5214507;0,565
2022;GO;Nova América;5214705;0,868
2022;GO;Nova Crixás;5214838;0,483
2022;GO;Novo Brasil;5215207;3,926
2022;GO;Novo Planalto;5215256;0,836
2022;GO;Orizona;5215306;0,283
2022;GO;Palestina de Goiás;5215652;0,452
2022;GO;Piracanjuba;5217104;0,424
2022;GO;Pires do Rio;5217401;0,357
2022;GO;Porteirão;5218052;1,237
2022;GO;Rubiataba;5218904;0,661
2022;GO;Santa Bárbara de Goiás;5219100;0,607
2022;GO;Santa Isabel;5219357;0,634
2022;GO;Santo Antônio de Goiás;5219738;0,327
2022;GO;São Francisco de Goiás;5219902;0,717
2022;GO;São João da Paraúna;5220058;0,585
2022;GO;São Miguel do Passa Quatro;5220264;0,358
2022;GO;Serranópolis;5220504;0,516
2022;GO;Taquaral de Goiás;5221007;0,190
2022;GO;Terezópolis de Goiás;5221197;0,971
2022;GO;Trombas;5221452;0,489
2022;GO;Uruana;5221700;0,304
2022;GO;Varjão;5221908;0,716
2022;GO;Vila Propício;5222302;0,270
2022;DF;Brasília;5300108;48,534
