id_ponto;UF;Município;Código IBGE;Entidade Gestora;Tipo de Ponto;Situação;Data de Cadastro
2111300-029;MA;SÃO LUÍS;2111300;ABREE;PEV fixo;Ativo;17/10/2019
4301925-000;RS;  Barra do Rio Azul ;4301925;ABREE;PEV fixo;Ativo;09/06/2019
3532900-005;SP;Nova Europa;3532900;ABREE;Campanha itinerante;Ativo;15/04/2019
3301702-000;RJ;Duque de Caxias;3301702;ABREE;PEV fixo;Ativo;17/10/2019
5300108-024;DF;Brasília;5300108;Green Eletron;PEV fixo;Ativo;19/09/2019
2927408-041;BA;Salvador;2927408;Green Eletron;PEV fixo;Ativo;16/10/2019
3128105-000;MG;Guapé;3128105;Green Eletron;Ponto de consolidação;Ativo;04/01/2019
4101853-000;PR;Ariranha do Ivaí;4101853;Green Eletron;PEV fixo;Ativo;21/04/2019
2933406-000;BA;WAGNER;2933406;ABREE;PEV fixo;Ativo;15/07/2019
3503802-000;SP;Artur Nogueira;3503802;ABREE;PEV fixo;Ativo;09/09/2019
2307635-000;CE;Madalena;2307635;ABREE;Campanha itinerante;Ativo;14/05/2019
3162005-000;MG;São Gonçalo do Sapucaí;3162005;Green Eletron;PEV fixo;Ativo;05/01/2019
3532009-003;SP;Morungaba;3532009;Green Eletron;PEV fixo;Ativo;24/04/2019
3135506-000;MG;Jequeri;3135506;Green Eletron;PEV fixo;Ativo;06/07/2019
4106001-000;PR;CONGONHINHAS;4106001;ABREE;PEV fixo;Ativo;07/01/2019
5106216-000;MT;NOVA CANAÃ DO NORTE;5106216;ABREE;PEV fixo;Ativo;26/02/2019
2111300-010;MA;São Luís;2111300;ABREE;PEV fixo;Ativo;01/12/2019
3550308-020;SP;São Paulo;3550308;Green Eletron;PEV fixo;Ativo;22/11/2019
4219002-000;SC;URUSSANGA;4219002;ABREE;Campanha itinerante;Ativo;18/07/2019
2412708-000;RN;São Pedro;2412708;ABREE;PEV fixo;Ativo;23/10/2019
4207759-000;SC;Iraceminha;4207759;Green Eletron;PEV fixo;Ativo;07/08/2019
2510402-000;PB;Olho d'Água;2510402;ABREE;PEV fixo;Ativo;10/12/2019
5300108-022;DF;BRASÍLIA;5300108;ABREE;PEV fixo;Ativo;16/04/2019
3512803-000;SP;Cosmopolis;3512803;Green Eletron;PEV fixo;Ativo;09/01/2019
1505205-000;PA;  Oeiras do Pará ;1505205;Green Eletron;Campanha itinerante;Ativo;05/03/2019
4318507-000;RS;Sao Jose do Norte;4318507;ABREE;PEV fixo;Ativo;08/02/2019
3546009-000;SP;Santa Branca;3546009;ABREE;PEV fixo;Ativo;01/07/2019
2601607-000;PE;BELÉM DO SÃO FRANCISCO;2601607;ABREE;PEV fixo;Ativo;11/02/2019
2107258-000;MA;Nova Colinas;2107258;ABREE;PEV fixo;Ativo;19/10/2019
2502805-000;PB;BREJO DO CRUZ;2502805;ABREE;PEV fixo;Ativo;12/11/2019
4205407-004;SC;Florianópolis;4205407;ABREE;PEV fixo;Ativo;07/05/2019
2111300-018;MA;São Luís;2111300;ABREE;PEV fixo;Ativo;03/10/2019
3532009-001;SP;Morungaba;3532009;Sistema individual;Campanha itinerante;Ativo;12/02/2019
2111300-017;MA;SÃO LUÍS;2111300;ABREE;PEV fixo;Ativo;27/01/2019
3532900-002;SP;Nova Europa;3532900;Green Eletron;PEV fixo;Ativo;10/09/2019
5300108-029;DF;Brasília;5300108;Green Eletron;PEV fixo;Ativo;05/07/2019
3550308-000;SP;  São Paulo ;3550308;ABREE;PEV fixo;Ativo;12/01/2019
4211652-000;SC;Novo Horizonte;4211652;Green Eletron;PEV fixo;Ativo;01/11/2019
2500536-000;PB;Alcantil;2500536;ABREE;PEV fixo;Ativo;08/06/2019
1301803-000;AM;Ipixuna;1301803;Green Eletron;PEV fixo;Ativo;04/02/2019
2927408-011;BA;SALVADOR;2927408;ABREE;Ponto de consolidação;Ativo;09/01/2019
2901205-000;BA;  Anagé ;2901205;ABREE;PEV fixo;Ativo;07/07/2019
3301405-002;RJ;Conceição de Macabu;3301405;ABREE;PEV fixo;Ativo;23/04/2019
3305307-001;RJ;SÃO SEBASTIÃO DO ALTO;3305307;Green Eletron;PEV fixo;Ativo;16/01/2019
2105922-000;MA;Lagoa do Mato;2105922;Green Eletron;Ponto de consolidação;Ativo;19/02/2019
3553104-000;SP;Taiaçu;3553104;ABREE;PEV fixo;Ativo;07/11/2019
4204400-000;SC;Coronel Freitas;4204400;Green Eletron;PEV fixo;Ativo;25/03/2019
4305108-000;RS;CAXIAS DO SUL;4305108;ABREE;PEV fixo;Ativo;05/09/2019
2304400-016;CE;Fortaleza;2304400;Green Eletron;PEV fixo;Ativo;11/04/2019
2304400-006;CE;Fortaleza;2304400;ABREE;Ponto de consolidação;Ativo;23/07/2019
3103900-000;MG;Araújos;3103900;ABREE;PEV fixo;Ativo;01/01/2019
3550308-027;SP;SÃO PAULO;3550308;Green Eletron;Campanha itinerante;Ativo;18/08/2019
3550308-026;SP;Sao Paulo;3550308;ABREE;PEV fixo;Ativo;07/02/2019
4315206-000;RS;PUTINGA;4315206;ABREE;Campanha itinerante;Ativo;22/03/2019
3550308-033;SP;São Paulo;3550308;Green Eletron;PEV fixo;Ativo;01/08/2019
4306809-000;RS;Encantado;4306809;Green Eletron;PEV fixo;Ativo;27/06/2019
2927408-038;BA;  Salvador ;2927408;Green Eletron;PEV fixo;Ativo;16/12/2019
3550308-067;SP;São Paulo;3550308;ABREE;PEV fixo;Ativo;12/01/2019
3527108-000;SP;LINS;;ABREE;PEV fixo;Ativo;05/10/2019
3201407-000;ES;Castelo;3201407;Green Eletron;PEV fixo;Ativo;08/03/2019
2102408-000;MA;Cajapió;2102408;Green Eletron;PEV fixo;Ativo;25/05/2019
3550308-028;SP;SÃO PAULO;3550308;ABREE;PEV fixo;Ativo;21/11/2019
3550308-019;SP;São Paulo;3550308;ABREE;PEV fixo;Ativo;10/06/2019
2701902-000;AL;Chã Preta;2701902;Sistema individual;PEV fixo;Ativo;07/05/2019
1501204-002;PA;BAIÃO;1501204;Green Eletron;PEV fixo;Ativo;13/02/2019
2806800-000;SE;SÃO DOMINGOS;2806800;Green Eletron;Ponto de consolidação;Ativo;21/11/2019
2902203-000;BA;Aramari;2902203;Green Eletron;PEV fixo;Ativo;20/07/2019
3550308-099;SP;Sao Paulo;3550308;Green Eletron;Campanha itinerante;Ativo;28/09/2019
5107768-000;MT;Santa Rita do Trivelato;5107768;Green Eletron;PEV fixo;Ativo;01/07/2019
1100304-000;RO;Vilhena;1100304;Green Eletron;Campanha itinerante;Ativo;17/08/2019
2607000-000;PE;Inajá;2607000;ABREE;Ponto de consolidação;Ativo;01/09/2019
5108501-000;MT;Vera;5108501;ABREE;PEV fixo;Ativo;09/11/2019
3550308-046;SP;SÃO PAULO;3550308;ABREE;PEV fixo;Ativo;25/02/2019
4311130-000;RS;Jari;4311130;ABREE;PEV fixo;Ativo;26/07/2019
5103403-001;MT;Cuiabá;5103403;ABREE;PEV fixo;Ativo;22/05/2019
4201307-000;SC;ARAQUARI;4201307;Green Eletron;PEV fixo;Ativo;12/12/2019
3158904-000;MG;Santana do Manhuaçu;3158904;Green Eletron;PEV fixo;Ativo;25/11/2019
4205407-018;SC;Florianopolis;4205407;Green Eletron;PEV fixo;Ativo;08/06/2019
3551306-001;SP;Sebastianópolis do Sul;3551306;Sistema individual;PEV fixo;Ativo;26/12/2019
2927408-003;BA;SALVADOR;2927408;ABREE;PEV fixo;Ativo;02/07/2019
3513009-003;SP;Cotia;3513009;Green Eletron;PEV fixo;Ativo;16/05/2019
1705508-000;TO;Colinas do Tocantins;1705508;Green Eletron;PEV fixo;Ativo;15/09/2019
2927408-033;BA;Salvador;2927408;ABREE;PEV fixo;Ativo;28/11/2019
3158409-000;MG;Santana de Cataguases;3158409;Green Eletron;Campanha itinerante;Ativo;10/11/2019
2111300-027;MA;SÃO LUÍS;2111300;Green Eletron;PEV fixo;Ativo;09/10/2019
2210409-000;PI;São Miguel do Tapuio;2210409;Green Eletron;PEV fixo;Ativo;18/06/2019
3127388-000;MG;  Goianá ;3127388;Green Eletron;PEV fixo;Ativo;11/06/2019
2408300-000;RN;Nova Cruz;2408300;ABREE;PEV fixo;Ativo;05/10/2019
3550308-056;SP;SÃO PAULO;3550308;ABREE;PEV fixo;Ativo;25/10/2019
3550308-039;SP;São Paulo;3550308;ABREE;PEV fixo;Ativo;24/11/2019
2107506-000;MA;PAÇO DO LUMIAR;2107506;ABREE;PEV fixo;Ativo;19/07/2019
2927408-032;BA;Salvador;2927408;Green Eletron;PEV fixo;Ativo;20/07/2019
2304400-003;CE;Fortaleza;;ABREE;PEV fixo;Ativo;20/11/2019
2612901-000;PE;SÃO BENEDITO DO SUL;2612901;ABREE;PEV fixo;Ativo;09/09/2019
2304400-004;CE;Fortaleza;2304400;ABREE;PEV fixo;Ativo;15/11/2019
2304400-007;CE;FORTALEZA;2304400;Green Eletron;PEV fixo;Ativo;15/08/2019
3532900-006;SP;Nova Europa;3532900;ABREE;PEV fixo;Ativo;12/07/2019
2616100-000;PE;Verdejante;2616100;Green Eletron;Campanha itinerante;Ativo;24/10/2019
4116307-000;PR;Munhoz de Melo;4116307;Green Eletron;PEV fixo;Ativo;01/10/2019
3101631-000;MG;Alfredo Vasconcelos;3101631;ABREE;PEV fixo;Ativo;12/04/2019
2927408-014;BA;SALVADOR;2927408;Green Eletron;PEV fixo;Ativo;04/07/2019
2304400-002;CE;  Fortaleza ;2304400;ABREE;PEV fixo;Ativo;12/05/2019
2605004-000;PE;Cupira;2605004;ABREE;PEV fixo;Ativo;02/04/2019
2111300-003;MA;São Luís;2111300;ABREE;PEV fixo;Ativo;14/10/2019
3550308-104;SP;SÃO PAULO;3550308;ABREE;Campanha itinerante;Ativo;07/04/2019
3550308-065;SP;São Paulo;;ABREE;PEV fixo;Ativo;21/05/2019
3304524-000;RJ;Rio das Ostras;3304524;Green Eletron;PEV fixo;Ativo;28/03/2019
4306007-000;RS;Crissiumal;4306007;Green Eletron;PEV fixo;Ativo;02/06/2019
2909604-000;BA;Crisópolis;2909604;Sistema individual;PEV fixo;Ativo;15/04/2019
2927408-005;BA;SALVADOR;2927408;Green Eletron;PEV fixo;Ativo;09/03/2019
2612505-000;PE;Santa Cruz do Capibaribe;2612505;ABREE;PEV fixo;Ativo;03/12/2019
4320453-000;RS;Sério;4320453;Green Eletron;Ponto de consolidação;Ativo;07/10/2019
2103802-000;MA;DOM PEDRO;2103802;ABREE;PEV fixo;Ativo;16/02/2019
3150703-000;MG;Pirajuba;3150703;Green Eletron;Ponto de consolidação;Ativo;04/02/2019
3550308-005;SP;São Paulo;3550308;Green Eletron;Ponto de consolidação;Ativo;08/09/2019
4212239-000;SC;PARAÍSO;4212239;Green Eletron;PEV fixo;Ativo;20/04/2019
5300108-015;DF;BRASÍLIA;5300108;ABREE;PEV fixo;Ativo;01/11/2019
3301157-000;RJ;Cardoso Moreira;3301157;ABREE;PEV fixo;Ativo;21/09/2019
1716109-000;TO;PARAÍSO DO TOCANTINS;1716109;Green Eletron;PEV fixo;Ativo;05/11/2019
2927408-035;BA;Salvador;2927408;ABREE;PEV fixo;Ativo;28/10/2019
3526704-000;SP;LEME;3526704;Green Eletron;PEV fixo;Ativo;20/10/2019
4211702-000;SC;Orleans;4211702;ABREE;PEV fixo;Ativo;28/05/2019
4103040-000;PR;Boa Ventura de São Roque;4103040;ABREE;PEV fixo;Ativo;08/02/2019
3550308-060;SP;SÃO PAULO;3550308;Green Eletron;PEV fixo;Ativo;10/10/2019
3138625-000;MG;Limeira do Oeste;3138625;ABREE;PEV fixo;Ativo;14/09/2019
3549250-000;SP;São João de Iracema;3549250;Sistema individual;Campanha itinerante;Ativo;12/07/2019
3549508-000;SP;SÃO JOSÉ DA BELA VISTA;3549508;ABREE;PEV fixo;Ativo;03/12/2019
2304400-009;CE;Fortaleza;2304400;Green Eletron;PEV fixo;Ativo;25/12/2019
2800100-000;SE;Amparo de São Francisco;2800100;ABREE;PEV fixo;Ativo;05/09/2019
3550308-049;SP;São Paulo;3550308;ABREE;Campanha itinerante;Ativo;11/04/2019
3536257-000;SP;Parisi;3536257;Green Eletron;PEV fixo;Ativo;21/09/2019
2614303-000;PE;Moreilândia;2614303;ABREE;PEV fixo;Ativo;01/09/2019
1708205-000;TO;  Formoso do Araguaia ;1708205;Green Eletron;Campanha itinerante;Ativo;19/01/2019
3303955-000;RJ;PINHEIRAL;3303955;Sistema individual;PEV fixo;Ativo;07/02/2019
3550308-042;SP;São Paulo;3550308;ABREE;PEV fixo;Ativo;17/01/2019
5005152-000;MS;Juti;5005152;Green Eletron;PEV fixo;Ativo;04/09/2019
4306320-000;RS;Derrubadas;4306320;Green Eletron;PEV fixo;Ativo;04/12/2019
4217501-000;SC;  Seara ;4217501;ABREE;Campanha itinerante;Ativo;11/03/2019
3550308-101;SP;São Paulo;3550308;Green Eletron;PEV fixo;Ativo;17/10/2019
4318614-000;RS;  São José do Sul ;4318614;Green Eletron;PEV fixo;Ativo;26/05/2019
5006408-000;MS;PEDRO GOMES;5006408;Green Eletron;PEV fixo;Ativo;20/08/2019
5300108-018;DF;Brasília;5300108;Green Eletron;PEV fixo;Ativo;16/12/2019
3118106-000;MG;Congonhas do Norte;3118106;ABREE;PEV fixo;Ativo;27/02/2019
2505352-000;PB;Damião;2505352;ABREE;Campanha itinerante;Ativo;03/02/2019
4309308-000;RS;Guaiba;4309308;ABREE;PEV fixo;Ativo;27/03/2019
2308500-000;CE;MOMBAÇA;2308500;ABREE;PEV fixo;Ativo;07/05/2019
2507507-003;PB;João Pessoa;2507507;Green Eletron;Ponto de consolidação;Ativo;21/05/2019
3550308-062;SP;Sao Paulo;3550308;Green Eletron;PEV fixo;Ativo;08/08/2019
1100924-000;RO;Chupinguaia;1100924;Green Eletron;PEV fixo;Ativo;14/09/2019
4119905-000;PR;  Ponta Grossa ;4119905;Sistema individual;Campanha itinerante;Ativo;08/12/2019
5208707-006;GO;Goiânia;5208707;Green Eletron;PEV fixo;Ativo;06/10/2019
5218904-000;GO;Rubiataba;5218904;ABREE;PEV fixo;Ativo;09/03/2019
2304400-021;CE;Fortaleza;2304400;ABREE;PEV fixo;Ativo;02/01/2019
3150539-000;MG;Pingo-d'Água;3150539;Green Eletron;Campanha itinerante;Ativo;19/11/2019
2304400-015;CE;FORTALEZA;2304400;Green Eletron;PEV fixo;Ativo;16/05/2019
3550308-043;SP;São Paulo;3550308;ABREE;PEV fixo;Ativo;25/11/2019
2111300-014;MA;  São Luís ;2111300;Green Eletron;PEV fixo;Ativo;20/08/2019
3163300-000;MG;Sao Jose do Divino;3163300;ABREE;PEV fixo;Ativo;26/07/2019
2302107-000;CE;BATURITÉ;2302107;ABREE;PEV fixo;Ativo;01/08/2019
4205407-006;SC;FLORIANÓPOLIS;4205407;Green Eletron;PEV fixo;Ativo;04/02/2019
3550308-077;SP;São Paulo;3550308;ABREE;PEV fixo;Ativo;24/06/2019
3204500-000;ES;SANTA LEOPOLDINA;3204500;ABREE;Ponto de consolidação;Ativo;25/11/2019
1101492-000;RO;São Francisco do Guaporé;1101492;Green Eletron;Ponto de consolidação;Ativo;27/04/2019
3202900-000;ES;Itarana;3202900;Green Eletron;PEV fixo;Ativo;15/10/2019
3550308-041;SP;São Paulo;3550308;Green Eletron;PEV fixo;Ativo;06/05/2019
4315131-000;RS;Pouso Novo;4315131;ABREE;PEV fixo;Ativo;09/10/2019
4315552-000;RS;RIO DOS ÍNDIOS;4315552;Green Eletron;PEV fixo;Ativo;07/08/2019
4211603-000;SC;Nova Veneza;4211603;Green Eletron;PEV fixo;Ativo;12/04/2019
1508209-001;PA;Vigia;;Green Eletron;PEV fixo;Ativo;03/01/2019
5215207-002;GO;Novo Brasil;5215207;Sistema individual;PEV fixo;Ativo;09/12/2019
3550308-100;SP;São Paulo;3550308;ABREE;PEV fixo;Ativo;28/10/2019
2924603-000;BA;Pindobaçu;2924603;ABREE;PEV fixo;Ativo;21/06/2019
2209856-000;PI;São João da Canabrava;2209856;Green Eletron;PEV fixo;Ativo;03/05/2019
5300108-011;DF;Brasília;5300108;ABREE;PEV fixo;Ativo;02/09/2019
3517703-000;SP;Guara;3517703;ABREE;PEV fixo;Ativo;13/08/2019
2925303-000;BA;Porto Seguro;2925303;Green Eletron;PEV fixo;Ativo;19/10/2019
5300108-000;DF;Brasília;5300108;ABREE;PEV fixo;Ativo;15/08/2019
3136405-000;MG;Joaquim Felício;3136405;ABREE;Campanha itinerante;Ativo;01/11/2019
3550308-105;SP;SÃO PAULO;3550308;ABREE;PEV fixo;Ativo;20/07/2019
2616183-002;PE;Vertente do Lério;2616183;Sistema individual;PEV fixo;Ativo;03/10/2019
3504602-000;SP;BADY BASSITT;3504602;Sistema individual;PEV fixo;Ativo;07/03/2019
2610509-000;PE;Passira;2610509;Green Eletron;PEV fixo;Ativo;12/04/2019
1500347-000;PA;Água Azul do Norte;1500347;Green Eletron;PEV fixo;Ativo;17/11/2019
3132206-000;MG;Itaguara;3132206;Green Eletron;PEV fixo;Ativo;03/04/2019
2924306-000;BA;Piata;2924306;Green Eletron;PEV fixo;Ativo;07/01/2019
2930766-000;BA;SÍTIO DO QUINTO;2930766;Sistema individual;PEV fixo;Ativo;15/11/2019
4210407-000;SC;Maracaja;4210407;Green Eletron;PEV fixo;Ativo;27/09/2019
2919801-000;BA;MACAÚBAS;2919801;Green Eletron;PEV fixo;Ativo;10/11/2019
2905206-000;BA;  Caetité ;2905206;Sistema individual;PEV fixo;Ativo;25/12/2019
1500305-000;PA;AFUÁ;1500305;Green Eletron;PEV fixo;Ativo;05/03/2019
4122701-000;PR;Sabáudia;4122701;Green Eletron;PEV fixo;Ativo;26/11/2019
3115201-000;MG;Conceição da Barra de Minas;3115201;ABREE;PEV fixo;Ativo;17/05/2019
1705102-000;TO;Chapada da Natividade;1705102;ABREE;Campanha itinerante;Ativo;22/04/2019
2207306-000;PI;PAES LANDIM;2207306;Green Eletron;PEV fixo;Ativo;21/10/2019
3550308-004;SP;São Paulo;3550308;ABREE;PEV fixo;Ativo;26/08/2019
5209606-000;GO;Heitoraí;5209606;ABREE;PEV fixo;Ativo;14/10/2019
2503753-000;PB;CAJAZEIRINHAS;2503753;Green Eletron;Ponto de consolidação;Ativo;20/09/2019
3550308-059;SP;São Paulo;3550308;Green Eletron;PEV fixo;Ativo;22/08/2019
2101939-000;MA;Bernardo do Mearim;2101939;ABREE;PEV fixo;Ativo;01/09/2019
3513009-002;SP;Cotia;3513009;Green Eletron;PEV fixo;Ativo;28/01/2019
5103502-000;MT;DIAMANTINO;5103502;Green Eletron;PEV fixo;Ativo;28/11/2019
2904308-000;BA;Brejões;2904308;Green Eletron;Ponto de consolidação;Ativo;28/08/2019
2917805-000;BA;JAGUARIPE;2917805;ABREE;PEV fixo;Ativo;08/07/2019
3542602-001;SP;REGISTRO;3542602;ABREE;PEV fixo;Ativo;22/04/2019
2915700-000;BA;Itamari;2915700;Green Eletron;Ponto de consolidação;Ativo;16/11/2019
3302908-000;RJ;Miguel Pereira;3302908;Green Eletron;PEV fixo;Ativo;17/02/2019
4205407-022;SC;  Florianópolis ;4205407;ABREE;PEV fixo;Ativo;10/07/2019
1200401-001;AC;Rio Branco;1200401;Green Eletron;PEV fixo;Ativo;06/11/2019
3101409-000;MG;ALBERTINA;3101409;Green Eletron;PEV fixo;Ativo;16/10/2019
2927408-024;BA;Salvador;2927408;ABREE;PEV fixo;Ativo;12/04/2019
3103108-000;MG;Antonio Prado de Minas;3103108;ABREE;PEV fixo;Ativo;06/11/2019
3118601-000;MG;Contagem;3118601;Green Eletron;PEV fixo;Ativo;20/07/2019
2926202-000;BA;Riachao das Neves;2926202;Sistema individual;Campanha itinerante;Ativo;04/12/2019
3523602-000;SP;Itirapina;3523602;Green Eletron;Campanha itinerante;Ativo;25/06/2019
3302403-004;RJ;Macaé;3302403;ABREE;PEV fixo;Ativo;09/10/2019
3139508-000;MG;Manhumirim;3139508;ABREE;Ponto de consolidação;Ativo;19/05/2019
3532009-001;SP;Morungaba;3532009;Sistema individual;Campanha itinerante;Ativo;12/02/2019
4127957-000;PR;Tupãssi;4127957;ABREE;Campanha itinerante;Ativo;10/05/2019
4107850-000;PR;Flor da Serra do Sul;4107850;ABREE;PEV fixo;Ativo;26/10/2019
3550308-034;SP;SÃO PAULO;3550308;Green Eletron;PEV fixo;Ativo;11/09/2019
4318440-000;RS;SÃO JORGE;4318440;ABREE;Ponto de consolidação;Ativo;14/10/2019
1504208-001;PA;MARABÁ;1504208;ABREE;PEV fixo;Ativo;10/08/2019
1508209-002;PA;VIGIA;1508209;ABREE;PEV fixo;Ativo;05/10/2019
3528700-000;SP;  Marabá Paulista ;3528700;ABREE;PEV fixo;Ativo;26/12/2019
4205001-000;SC;Dionísio Cerqueira;4205001;ABREE;Campanha itinerante;Ativo;03/10/2019
3160702-000;MG;Santos Dumont;3160702;ABREE;Campanha itinerante;Ativo;09/11/2019
2927408-022;BA;Salvador;2927408;ABREE;PEV fixo;Ativo;07/08/2019
3108909-000;MG;Brazopolis;3108909;ABREE;PEV fixo;Ativo;27/12/2019
2111300-015;MA;São Luís;2111300;ABREE;PEV fixo;Ativo;20/07/2019
5200308-000;GO;ALEXÂNIA;5200308;Green Eletron;PEV fixo;Ativo;26/02/2019
4219101-000;SC;Vargeão;4219101;Green Eletron;PEV fixo;Ativo;21/11/2019
3509304-000;SP;Cajobi;3509304;ABREE;PEV fixo;Ativo;05/04/2019
2927408-004;BA;SALVADOR;2927408;ABREE;PEV fixo;Ativo;23/05/2019
3300159-000;RJ;Aperibé;3300159;Green Eletron;PEV fixo;Ativo;11/06/2019
5215256-000;GO;Novo Planalto;5215256;ABREE;Ponto de consolidação;Ativo;03/09/2019
3300902-000;RJ;CAMBUCI;3300902;Green Eletron;Campanha itinerante;Ativo;10/10/2019
2112852-000;MA;  Vila Nova dos Martírios ;2112852;ABREE;PEV fixo;Ativo;18/02/2019
2209302-000;PI;SANTA LUZ;2209302;ABREE;PEV fixo;Ativo;02/10/2019
3134905-000;MG;Jacutinga;3134905;Sistema individual;PEV fixo;Ativo;27/08/2019
2100709-000;MA;Anajatuba;2100709;ABREE;PEV fixo;Ativo;01/04/2019
2309904-000;CE;Pacuja;2309904;Green Eletron;Ponto de consolidação;Ativo;26/12/2019
2609907-000;PE;Ouricuri;2609907;ABREE;PEV fixo;Ativo;11/04/2019
3547502-000;SP;Santa Rita do Passa Quatro;3547502;ABREE;PEV fixo;Ativo;19/04/2019
4205407-010;SC;Florianópolis;4205407;ABREE;PEV fixo;Ativo;17/02/2019
5106190-000;MT;Nova Santa Helena;5106190;Green Eletron;PEV fixo;Ativo;04/08/2019
2304400-012;CE;Fortaleza;2304400;Green Eletron;PEV fixo;Ativo;15/10/2019
5000856-000;MS;Angelica;5000856;Green Eletron;PEV fixo;Ativo;04/01/2019
3121803-000;MG;Dionísio;3121803;ABREE;PEV fixo;Ativo;03/09/2019
3503901-000;SP;  Arujá ;3503901;ABREE;PEV fixo;Ativo;23/09/2019
2923605-000;BA;Paramirim;2923605;Green Eletron;PEV fixo;Ativo;13/09/2019
2303808-000;CE;Cedro;2303808;ABREE;PEV fixo;Ativo;23/03/2019
4313490-000;RS;Novo Barreiro;4313490;Green Eletron;PEV fixo;Ativo;23/03/2019
5219902-000;GO;SÃO FRANCISCO DE GOIÁS;5219902;Sistema individual;PEV fixo;Ativo;24/05/2019
3550308-096;SP;SÃO PAULO;3550308;Green Eletron;PEV fixo;Ativo;07/02/2019
2612109-000;PE;Salgadinho;2612109;ABREE;PEV fixo;Ativo;11/05/2019
2927408-036;BA;Salvador;2927408;ABREE;Campanha itinerante;Ativo;20/02/2019
2919009-000;BA;LAJEDINHO;2919009;ABREE;Ponto de consolidação;Ativo;17/06/2019
5300108-007;DF;Brasília;5300108;Green Eletron;Campanha itinerante;Ativo;27/10/2019
2910107-000;BA;DOM BASÍLIO;2910107;ABREE;PEV fixo;Ativo;07/03/2019
2204154-000;PI;Francisco Macedo;2204154;ABREE;PEV fixo;Ativo;05/05/2019
2927408-034;BA;Salvador;2927408;Sistema individual;PEV fixo;Ativo;01/09/2019
4119707-000;PR;Planaltina do Paraná;4119707;ABREE;PEV fixo;Ativo;27/04/2019
2112704-000;MA;Vargem Grande;2112704;Green Eletron;PEV fixo;Ativo;16/02/2019
1503077-000;PA;Garrafão do Norte;1503077;Green Eletron;PEV fixo;Ativo;28/05/2019
2606903-000;PE;Iguaracy;2606903;ABREE;PEV fixo;Ativo;26/07/2019
2111300-024;MA;São Luís;2111300;Green Eletron;PEV fixo;Ativo;01/06/2019
2105153-000;MA;Igarapé do Meio;2105153;Sistema individual;PEV fixo;Ativo;07/09/2019
2411700-000;RN;São Bento do Trairí;2411700;Green Eletron;PEV fixo;Inativo;26/05/2019
3550308-061;SP;São Paulo;3550308;Green Eletron;PEV fixo;Ativo;12/04/2019
3550308-094;SP;São Paulo;3550308;ABREE;PEV fixo;Ativo;05/10/2019
3301405-001;RJ;  Conceição de Macabu ;3301405;ABREE;PEV fixo;Ativo;02/11/2019
4115457-001;PR;Marquinho;4115457;Green Eletron;PEV fixo;Ativo;24/02/2019
3554102-000;SP;TAUBATÉ;3554102;ABREE;Ponto de consolidação;Ativo;15/03/2019
4123006-000;PR;Salto do Lontra;4123006;Green Eletron;PEV fixo;Ativo;13/02/2019
5300108-009;DF;Brasília;5300108;ABREE;PEV fixo;Ativo;07/10/2019
2909604-000;BA;Crisópolis;2909604;Sistema individual;PEV fixo;Ativo;15/04/2019
3534708-000;SP;Ourinhos;3534708;ABREE;PEV fixo;Ativo;07/10/2019
4300455-000;RS;Alegria;4300455;ABREE;PEV fixo;Ativo;14/02/2019
4215703-000;SC;Santo Amaro da Imperatriz;4215703;ABREE;Ponto de consolidação;Ativo;02/06/2019
3522406-000;SP;Itapeva;3522406;ABREE;PEV fixo;Ativo;23/12/2019
3550308-075;SP;Sao Paulo;3550308;Green Eletron;PEV fixo;Ativo;10/12/2019
4308078-000;RS;Fazenda Vilanova;4308078;ABREE;PEV fixo;Ativo;17/12/2019
3550308-044;SP;SÃO PAULO;3550308;ABREE;PEV fixo;Ativo;27/03/2019
3305307-002;RJ;SÃO SEBASTIÃO DO ALTO;3305307;ABREE;Ponto de consolidação;Ativo;10/08/2019
2304400-000;CE;Fortaleza;2304400;ABREE;PEV fixo;Ativo;18/03/2019
5300108-030;DF;Brasília;5300108;ABREE;PEV fixo;Ativo;07/07/2019
2211001-005;PI;TERESINA;2211001;Green Eletron;PEV fixo;Ativo;04/08/2019
3550308-074;SP;SÃO PAULO;3550308;Green Eletron;PEV fixo;Ativo;27/02/2019
3550308-079;SP;São Paulo;3550308;Green Eletron;PEV fixo;Ativo;04/04/2019
2927408-037;BA;SALVADOR;2927408;Green Eletron;Campanha itinerante;Ativo;26/10/2019
1501204-001;PA;BAIÃO;1501204;ABREE;PEV fixo;Ativo;08/09/2019
2208601-000;PI;PRATA DO PIAUÍ;2208601;ABREE;PEV fixo;Ativo;03/07/2019
2400208-000;RN;Açu;2400208;Green Eletron;Ponto de consolidação;Ativo;11/07/2019
2304400-025;CE;Fortaleza;2304400;Green Eletron;PEV fixo;Ativo;17/12/2019
4318309-000;RS;SÃO GABRIEL;4318309;ABREE;PEV fixo;Ativo;20/08/2019
3300308-003;RJ;BARRA DO PIRAÍ;3300308;Sistema individual;PEV fixo;Ativo;04/05/2019
3550308-037;SP;SÃO PAULO;3550308;ABREE;PEV fixo;Ativo;13/04/2019
3519204-000;SP;Iacri;3519204;Green Eletron;Campanha itinerante;Ativo;11/09/2019
1703305-000;TO;Bom Jesus do Tocantins;1703305;Green Eletron;PEV fixo;Ativo;08/09/2019
3550308-068;SP;Sao Paulo;3550308;Green Eletron;PEV fixo;Ativo;01/01/2019
4314779-000;RS;PONTÃO;4314779;ABREE;PEV fixo;Inativo;23/11/2019
2111300-007;MA;Sao Luis;2111300;Green Eletron;PEV fixo;Ativo;11/12/2019
2927408-018;BA;Salvador;2927408;ABREE;PEV fixo;Ativo;28/02/2019
2111300-019;MA;São Luís;2111300;ABREE;PEV fixo;Ativo;27/06/2019
3301504-000;RJ;Cordeiro;3301504;Green Eletron;PEV fixo;Ativo;23/05/2019
2304400-013;CE;  Fortaleza ;2304400;Green Eletron;PEV fixo;Ativo;05/06/2019
2406106-000;RN;Jucurutu;2406106;ABREE;PEV fixo;Ativo;09/04/2019
3168309-000;MG;TAQUARAÇU DE MINAS;3168309;ABREE;Campanha itinerante;Ativo;05/08/2019
5300108-001;DF;Brasília;5300108;Green Eletron;PEV fixo;Ativo;17/03/2019
3134202-000;MG;ITUIUTABA;3134202;ABREE;PEV fixo;Ativo;18/03/2019
5108055-000;MT;Terra Nova do Norte;5108055;Green Eletron;PEV fixo;Ativo;20/06/2019
5107909-000;MT;Sinop;5107909;Green Eletron;PEV fixo;Ativo;11/03/2019
2313708-000;CE;Umari;2313708;Green Eletron;PEV fixo;Ativo;28/03/2019
2927408-013;BA;Salvador;2927408;ABREE;Campanha itinerante;Ativo;28/01/2019
2304400-017;CE;Fortaleza;2304400;Sistema individual;PEV fixo;Ativo;05/09/2019
3100906-000;MG;ÁGUAS FORMOSAS;3100906;ABREE;PEV fixo;Ativo;14/03/2019
2202752-000;PI;COLÔNIA DO GURGUÉIA;2202752;Green Eletron;PEV fixo;Ativo;08/05/2019
2604007-000;PE;Carpina;2604007;Green Eletron;PEV fixo;Ativo;07/02/2019
5103403-000;MT;Cuiabá;5103403;Green Eletron;PEV fixo;Ativo;18/04/2019
3550308-076;SP;SÃO PAULO;3550308;Green Eletron;PEV fixo;Ativo;16/07/2019
2211001-002;PI;Teresina;2211001;Green Eletron;PEV fixo;Ativo;20/12/2019
1501204-000;PA;  Baião ;1501204;ABREE;PEV fixo;Ativo;08/04/2019
3550308-001;SP;SÃO PAULO;3550308;ABREE;PEV fixo;Ativo;27/04/2019
4303905-000;RS;Campo Bom;;ABREE;PEV fixo;Ativo;26/11/2019
2111300-002;MA;SÃO LUÍS;;ABREE;PEV fixo;Ativo;17/06/2019
2601003-000;PE;Angelim;2601003;ABREE;PEV fixo;Ativo;10/03/2019
3550308-102;SP;SÃO PAULO;3550308;Green Eletron;Ponto de consolidação;Ativo;22/10/2019
1721000-002;TO;Palmas;1721000;ABREE;PEV fixo;Ativo;02/10/2019
3118502-000;MG;Consolacao;3118502;ABREE;PEV fixo;Ativo;09/09/2019
3302700-000;RJ;Marica;3302700;Green Eletron;PEV fixo;Ativo;12/12/2019
4209805-000;SC;Leoberto Leal;4209805;Green Eletron;Ponto de consolidação;Ativo;12/01/2019
3300951-001;RJ;COMENDADOR LEVY GASPARIAN;3300951;ABREE;PEV fixo;Ativo;06/01/2019
2910008-000;BA;Dário Meira;2910008;ABREE;PEV fixo;Ativo;11/04/2019
2927408-000;BA;SALVADOR;2927408;Sistema individual;PEV fixo;Ativo;21/02/2019
3518800-000;SP;Guarulhos;3518800;Sistema individual;PEV fixo;Ativo;28/04/2019
3522653-000;SP;Itapirapuã Paulista;3522653;ABREE;Ponto de consolidação;Ativo;16/01/2019
3546009-002;SP;Santa Branca;3546009;Green Eletron;PEV fixo;Ativo;05/04/2019
3550308-010;SP;SÃO PAULO;3550308;ABREE;PEV fixo;Ativo;16/06/2019
3109204-000;MG;Buenópolis;3109204;ABREE;PEV fixo;Ativo;25/11/2019
2111300-011;MA;São Luís;2111300;Green Eletron;PEV fixo;Ativo;09/01/2019
2412500-000;RN;São Miguel;2412500;ABREE;PEV fixo;Ativo;18/10/2019
2307007-000;CE;Jaguaruana;2307007;ABREE;PEV fixo;Ativo;15/05/2019
3501301-000;SP;Álvares Machado;3501301;Green Eletron;PEV fixo;Ativo;08/06/2019
2904704-000;BA;Buerarema;2904704;ABREE;PEV fixo;Ativo;16/01/2019
2314102-000;CE;Viçosa do Ceará;2314102;Green Eletron;PEV fixo;Ativo;08/08/2019
2516508-000;PB;TAPEROÁ;2516508;Green Eletron;PEV fixo;Ativo;11/03/2019
2304400-020;CE;Fortaleza;2304400;Green Eletron;PEV fixo;Ativo;20/01/2019
2304400-022;CE;Fortaleza;2304400;Green Eletron;PEV fixo;Ativo;15/11/2019
2927408-020;BA;Salvador;2927408;ABREE;PEV fixo;Inativo;25/08/2019
3526803-002;SP;Lençóis Paulista;3526803;Green Eletron;Ponto de consolidação;Ativo;08/03/2019
2609006-000;PE;MACAPARANA;2609006;Green Eletron;PEV fixo;Ativo;27/02/2019
3550308-031;SP;São Paulo;3550308;ABREE;PEV fixo;Ativo;25/02/2019
2100907-000;MA;ARAIOSES;2100907;ABREE;PEV fixo;Ativo;07/07/2019
2605806-000;PE;Frei Miguelinho;2605806;Green Eletron;Ponto de consolidação;Ativo;05/04/2019
1302603-001;AM;MANAUS;1302603;ABREE;PEV fixo;Ativo;26/08/2019
4115457-002;PR;MARQUINHO;4115457;ABREE;PEV fixo;Ativo;15/11/2019
2933257-000;BA;VEREDA;2933257;ABREE;Ponto de consolidação;Ativo;23/06/2019
3122702-000;MG;Dom Silvério;3122702;Green Eletron;Campanha itinerante;Ativo;17/10/2019
3550308-057;SP;SÃO PAULO;3550308;ABREE;PEV fixo;Ativo;26/08/2019
3532900-001;SP;Nova Europa;3532900;ABREE;PEV fixo;Ativo;01/11/2019
4312708-000;RS;NONOAI;4312708;Green Eletron;PEV fixo;Ativo;24/04/2019
4319364-000;RS;SÃO PEDRO DAS MISSÕES;4319364;Green Eletron;PEV fixo;Ativo;07/06/2019
3514403-000;SP;Dracena;;ABREE;PEV fixo;Ativo;04/07/2019
3532009-002;SP;Morungaba;3532009;Green Eletron;PEV fixo;Ativo;09/01/2019
1716703-000;TO;Colméia;1716703;Sistema individual;PEV fixo;Ativo;02/04/2019
2614709-000;PE;Tacaimbó;2614709;ABREE;Ponto de consolidação;Ativo;05/08/2019
3513009-001;SP;Cotia;3513009;Green Eletron;PEV fixo;Ativo;11/01/2019
2304400-001;CE;Fortaleza;2304400;Green Eletron;PEV fixo;Ativo;25/08/2019
2927408-021;BA;SALVADOR;2927408;Sistema individual;PEV fixo;Ativo;14/04/2019
5000708-000;MS;Anastácio;5000708;Green Eletron;PEV fixo;Ativo;16/08/2019
4217907-000;SC;Tangara;4217907;Green Eletron;PEV fixo;Ativo;28/07/2019
2312700-000;CE;Senador Pompeu;2312700;ABREE;PEV fixo;Ativo;04/03/2019
4100707-000;PR;ALTO PIQUIRI;4100707;ABREE;PEV fixo;Ativo;02/05/2019
3170305-000;MG;Umburatiba;3170305;Green Eletron;PEV fixo;Ativo;25/07/2019
3521101-000;SP;Ipeúna;3521101;ABREE;PEV fixo;Ativo;26/05/2019
3541406-000;SP;Presidente Prudente;3541406;Green Eletron;PEV fixo;Ativo;17/07/2019
3550308-015;SP;SÃO PAULO;3550308;ABREE;PEV fixo;Ativo;21/09/2019
3121902-000;MG;Divinesia;;ABREE;PEV fixo;Ativo;16/10/2019
2804300-000;SE;Muribeca;2804300;ABREE;PEV fixo;Ativo;22/11/2019
2927408-002;BA;Salvador;2927408;ABREE;PEV fixo;Ativo;10/10/2019
2927408-031;BA;Salvador;2927408;ABREE;PEV fixo;Ativo;10/01/2019
1303700-000;AM;  Santo Antônio do Içá ;1303700;ABREE;PEV fixo;Ativo;12/10/2019
3532900-007;SP;Nova Europa;3532900;ABREE;PEV fixo;Ativo;03/01/2019
2927408-030;BA;Salvador;2927408;ABREE;PEV fixo;Ativo;03/04/2019
2929909-000;BA;SEABRA;2929909;ABREE;PEV fixo;Ativo;01/12/2019
2509206-000;PB;Massaranduba;2509206;ABREE;PEV fixo;Inativo;04/08/2019
2304400-010;CE;  Fortaleza ;2304400;Green Eletron;PEV fixo;Ativo;17/03/2019
5300108-019;DF;BRASÍLIA;5300108;ABREE;Ponto de consolidação;Ativo;02/07/2019
2906006-000;BA;CAMPO FORMOSO;2906006;ABREE;PEV fixo;Ativo;24/05/2019
3509452-000;SP;Campina do Monte Alegre;3509452;ABREE;PEV fixo;Ativo;21/07/2019
3550308-084;SP;São Paulo;3550308;Green Eletron;PEV fixo;Ativo;22/08/2019
3543006-001;SP;Ribeirão Branco;3543006;Green Eletron;Ponto de consolidação;Ativo;19/02/2019
4206603-000;SC;  Guarujá do Sul ;4206603;Green Eletron;Ponto de consolidação;Ativo;12/09/2019
4305371-000;RS;Charrua;4305371;Green Eletron;PEV fixo;Ativo;24/08/2019
2511004-000;PB;  Pedra Branca ;2511004;Green Eletron;PEV fixo;Ativo;21/10/2019
4205407-007;SC;FLORIANÓPOLIS;4205407;ABREE;PEV fixo;Ativo;13/02/2019
2500601-000;PB;Alhandra;2500601;Sistema individual;PEV fixo;Ativo;05/05/2019
4107751-000;PR;Figueira;4107751;ABREE;PEV fixo;Ativo;23/07/2019
3160207-000;MG;Santo Antonio do Itambe;3160207;ABREE;PEV fixo;Ativo;04/06/2019
3532900-000;SP;Nova Europa;3532900;ABREE;PEV fixo;Ativo;24/02/2019
1400506-000;RR;São João da Baliza;1400506;Green Eletron;PEV fixo;Ativo;27/03/2019
3538808-002;SP;Piraju;3538808;ABREE;Campanha itinerante;Ativo;15/01/2019
3166808-000;MG;Serra do Salitre;3166808;Sistema individual;PEV fixo;Ativo;27/04/2019
5212253-000;GO;LAGOA SANTA;5212253;Green Eletron;PEV fixo;Ativo;16/06/2019
4102307-000;PR;BALSA NOVA;4102307;ABREE;PEV fixo;Ativo;28/11/2019
4306734-000;RS;DOUTOR MAURÍCIO CARDOSO;4306734;ABREE;PEV fixo;Ativo;09/03/2019
3163102-000;MG;São José da Varginha;3163102;Green Eletron;PEV fixo;Ativo;12/07/2019
5300108-012;DF;Brasília;5300108;ABREE;PEV fixo;Ativo;13/07/2019
2407203-000;RN;MACAU;;ABREE;PEV fixo;Ativo;17/12/2019
5300108-004;DF;  Brasília ;5300108;ABREE;PEV fixo;Ativo;20/11/2019
5300108-002;DF;Brasília;5300108;Green Eletron;PEV fixo;Ativo;13/02/2019
5208707-005;GO;Goiânia;5208707;ABREE;PEV fixo;Ativo;05/09/2019
2104008-000;MA;ESPERANTINÓPOLIS;2104008;ABREE;PEV fixo;Ativo;15/05/2019
4205407-019;SC;Florianópolis;4205407;Green Eletron;Campanha itinerante;Ativo;03/08/2019
3129707-000;MG;  Ibiraci ;3129707;Sistema individual;PEV fixo;Ativo;10/04/2019
5006606-000;MS;  Ponta Porã ;5006606;Green Eletron;Campanha itinerante;Ativo;10/10/2019
1508209-000;PA;Vigia;1508209;Sistema individual;PEV fixo;Inativo;27/01/2019
5103403-002;MT;Cuiabá;5103403;Green Eletron;Campanha itinerante;Ativo;22/11/2019
2804458-000;SE;Nossa Senhora Aparecida;2804458;Green Eletron;PEV fixo;Ativo;18/01/2019
4308102-000;RS;Feliz;4308102;Green Eletron;PEV fixo;Ativo;12/01/2019
3504008-000;SP;Assis;3504008;ABREE;PEV fixo;Ativo;25/12/2019
4115754-000;PR;Maua da Serra;4115754;ABREE;PEV fixo;Ativo;18/12/2019
2111300-020;MA;São Luís;2111300;Green Eletron;Campanha itinerante;Ativo;04/08/2019
3550308-009;SP;SÃO PAULO;3550308;Green Eletron;Campanha itinerante;Ativo;02/11/2019
3550308-007;SP;São Paulo;3550308;Green Eletron;PEV fixo;Ativo;17/06/2019
3165909-000;MG;SENADOR MODESTINO GONÇALVES;3165909;Sistema individual;PEV fixo;Ativo;27/11/2019
1300029-002;AM;ALVARÃES;1300029;Green Eletron;PEV fixo;Ativo;10/12/2019
3550308-014;SP;São Paulo;3550308;Green Eletron;PEV fixo;Ativo;21/04/2019
2603207-000;PE;CAETÉS;2603207;ABREE;PEV fixo;Ativo;24/08/2019
3531308-000;SP;Monte Alto;3531308;Green Eletron;Ponto de consolidação;Ativo;07/02/2019
2104081-000;MA;Fernando Falcao;2104081;Green Eletron;PEV fixo;Ativo;02/02/2019
2111300-012;MA;Sao Luis;2111300;ABREE;PEV fixo;Ativo;22/10/2019
4302402-000;RS;BOM RETIRO DO SUL;4302402;Green Eletron;Campanha itinerante;Ativo;23/10/2019
4212106-000;SC;Palmitos;4212106;ABREE;PEV fixo;Ativo;03/11/2019
2608404-000;PE;Jurema;2608404;ABREE;PEV fixo;Ativo;19/11/2019
2103802-000;MA;DOM PEDRO;2103802;ABREE;PEV fixo;Ativo;16/02/2019
2616183-003;PE;Vertente do Lério;2616183;Green Eletron;PEV fixo;Ativo;24/04/2019
3549508-002;SP;  São José da Bela Vista ;3549508;ABREE;PEV fixo;Ativo;05/03/2019
4208005-000;SC;Ita;4208005;ABREE;Ponto de consolidação;Ativo;06/01/2019
3303609-000;RJ;Paracambi;3303609;Sistema individual;Campanha itinerante;Ativo;21/01/2019
3300308-002;RJ;BARRA DO PIRAÍ;3300308;ABREE;PEV fixo;Ativo;23/12/2019
4103800-000;PR;CAMBIRA;4103800;Green Eletron;PEV fixo;Ativo;20/11/2019
2504074-000;PB;CARAÚBAS;2504074;ABREE;PEV fixo;Ativo;05/07/2019
2922656-000;BA;Nordestina;2922656;Green Eletron;Ponto de consolidação;Ativo;10/03/2019
3550308-050;SP;São Paulo;3550308;ABREE;PEV fixo;Ativo;26/05/2019
2800308-006;SE;Aracaju;2800308;ABREE;PEV fixo;Ativo;07/10/2019
3550308-071;SP;Sao Paulo;;Green Eletron;PEV fixo;Ativo;27/06/2019
3160207-002;MG;Santo Antônio do Itambé;3160207;Green Eletron;PEV fixo;Ativo;02/07/2019
3532157-000;SP;Nantes;3532157;ABREE;PEV fixo;Ativo;21/04/2019
2107605-000;MA;PALMEIRÂNDIA;2107605;ABREE;PEV fixo;Ativo;06/12/2019
2111300-023;MA;São Luís;2111300;Green Eletron;PEV fixo;Ativo;04/08/2019
3119807-000;MG;Córrego Danta;3119807;ABREE;PEV fixo;Ativo;03/04/2019
2704807-000;AL;Maribondo;2704807;Green Eletron;PEV fixo;Ativo;15/02/2019
4107157-000;PR;Diamante D'Oeste;4107157;ABREE;PEV fixo;Ativo;11/12/2019
2600203-000;PE;AFRÂNIO;2600203;Sistema individual;Ponto de consolidação;Ativo;25/06/2019
2807105-000;SE;Simão Dias;2807105;Green Eletron;Ponto de consolidação;Ativo;20/04/2019
2304004-000;CE;COREAÚ;2304004;Green Eletron;Campanha itinerante;Ativo;11/08/2019
2111300-026;MA;Sao Luis;2111300;Green Eletron;PEV fixo;Ativo;21/12/2019
3533007-000;SP;Nova Granada;3533007;ABREE;PEV fixo;Ativo;08/07/2019
3127909-000;MG;Grupiara;3127909;ABREE;Campanha itinerante;Ativo;10/10/2019
4323002-000;RS;VIAMÃO;4323002;ABREE;PEV fixo;Ativo;26/09/2019
4120333-000;PR;Prado Ferreira;4120333;ABREE;Campanha itinerante;Ativo;20/11/2019
3124104-000;MG;Esmeraldas;3124104;Green Eletron;PEV fixo;Ativo;06/02/2019
2909208-000;BA;Coronel João Sá;2909208;Green Eletron;Ponto de consolidação;Ativo;19/11/2019
4106308-000;PR;CORBÉLIA;4106308;ABREE;PEV fixo;Ativo;12/02/2019
2211001-006;PI;Teresina;2211001;Green Eletron;PEV fixo;Ativo;16/07/2019
3550308-036;SP;Sao Paulo;3550308;Sistema individual;PEV fixo;Ativo;04/03/2019
3302403-003;RJ;Macaé;3302403;ABREE;PEV fixo;Ativo;01/08/2019
3538808-000;SP;Piraju;3538808;ABREE;PEV fixo;Ativo;25/11/2019
2404101-000;RN;Galinhos;2404101;Green Eletron;PEV fixo;Ativo;04/11/2019
2927408-006;BA;Salvador;2927408;ABREE;PEV fixo;Ativo;13/08/2019
4127908-000;PR;Tuneiras do Oeste;4127908;Green Eletron;Campanha itinerante;Ativo;02/10/2019
2927408-039;BA;Salvador;2927408;Green Eletron;PEV fixo;Ativo;13/07/2019
2927408-010;BA;Salvador;2927408;Green Eletron;PEV fixo;Ativo;21/02/2019
3305307-000;RJ;São Sebastião do Alto;3305307;ABREE;PEV fixo;Ativo;16/11/2019
2110807-000;MA;São Félix de Balsas;2110807;Green Eletron;Campanha itinerante;Ativo;04/04/2019
3550308-011;SP;São Paulo;3550308;Sistema individual;PEV fixo;Ativo;06/09/2019
3516903-000;SP;General Salgado;3516903;Green Eletron;PEV fixo;Ativo;10/06/2019
5300108-027;DF;Brasília;5300108;ABREE;Campanha itinerante;Ativo;28/05/2019
3551306-002;SP;Sebastianopolis do Sul;3551306;Sistema individual;PEV fixo;Ativo;07/03/2019
4205407-015;SC;Florianópolis;4205407;ABREE;PEV fixo;Ativo;11/05/2019
1716208-000;TO;Paranã;1716208;ABREE;PEV fixo;Ativo;04/12/2019
4111258-000;PR;ITAPERUÇU;4111258;Green Eletron;PEV fixo;Ativo;13/02/2019
3550308-017;SP;São Paulo;3550308;Green Eletron;PEV fixo;Ativo;23/05/2019
4310439-000;RS;Ipê;4310439;ABREE;PEV fixo;Ativo;15/11/2019
4319901-000;RS;  Sapiranga ;4319901;Sistema individual;PEV fixo;Ativo;02/11/2019
4319109-000;RS;  São Martinho ;4319109;ABREE;PEV fixo;Ativo;01/08/2019
3541109-000;SP;Presidente Alves;3541109;Sistema individual;PEV fixo;Ativo;21/12/2019
5103403-003;MT;CUIABÁ;5103403;Green Eletron;PEV fixo;Ativo;01/01/2019
2602902-001;PE;Cabo de Santo Agostinho;2602902;Green Eletron;Ponto de consolidação;Ativo;09/01/2019
5212956-000;GO;Matrinchã;5212956;Green Eletron;Ponto de consolidação;Ativo;15/07/2019
4313334-000;RS;Nova Ramada;4313334;ABREE;PEV fixo;Inativo;15/10/2019
1300508-000;AM;Barreirinha;1300508;ABREE;PEV fixo;Ativo;18/11/2019
5207808-000;GO;Firminópolis;5207808;Green Eletron;PEV fixo;Ativo;16/03/2019
2924652-000;BA;Pintadas;2924652;ABREE;PEV fixo;Ativo;12/08/2019
2412609-000;RN;Sao Paulo do Potengi;2412609;Sistema individual;PEV fixo;Ativo;14/03/2019
2927408-016;BA;  Salvador ;2927408;ABREE;PEV fixo;Inativo;20/04/2019
1721000-001;TO;PALMAS;1721000;ABREE;PEV fixo;Ativo;10/05/2019
4216008-000;SC;SÃO CARLOS;4216008;Green Eletron;PEV fixo;Ativo;08/11/2019
1507151-000;PA;São Domingos do Araguaia;1507151;Green Eletron;PEV fixo;Ativo;20/05/2019
3119906-000;MG;Corrego do Bom Jesus;3119906;Green Eletron;PEV fixo;Ativo;13/04/2019
1200203-000;AC;Cruzeiro do Sul;1200203;ABREE;PEV fixo;Ativo;18/07/2019
4315958-000;RS;Rolador;4315958;ABREE;PEV fixo;Ativo;12/01/2019
3550308-021;SP;  São Paulo ;3550308;ABREE;PEV fixo;Ativo;19/02/2019
2304251-003;CE;Cruz;2304251;Green Eletron;PEV fixo;Ativo;14/11/2019
5215207-001;GO;  Novo Brasil ;5215207;ABREE;PEV fixo;Inativo;02/11/2019
2603603-000;PE;Camutanga;2603603;ABREE;PEV fixo;Ativo;26/02/2019
4319125-000;RS;São Martinho da Serra;4319125;ABREE;PEV fixo;Ativo;08/08/2019
4205407-001;SC;FLORIANÓPOLIS;4205407;Green Eletron;Campanha itinerante;Ativo;04/04/2019
3515194-000;SP;Espírito Santo do Turvo;3515194;ABREE;PEV fixo;Ativo;15/06/2019
4203105-000;SC;Caibi;4203105;ABREE;PEV fixo;Ativo;08/02/2019
2304400-026;CE;Fortaleza;2304400;ABREE;PEV fixo;Ativo;13/04/2019
3550506-000;SP;SÃO PEDRO DO TURVO;3550506;ABREE;Ponto de consolidação;Ativo;12/06/2019
3549508-001;SP;SÃO JOSÉ DA BELA VISTA;3549508;ABREE;PEV fixo;Ativo;26/05/2019
4302154-000;RS;BOA VISTA DAS MISSÕES;4302154;ABREE;PEV fixo;Ativo;15/05/2019
2111300-025;MA;Sao Luis;2111300;Green Eletron;PEV fixo;Ativo;19/01/2019
4205407-016;SC;Florianópolis;4205407;ABREE;PEV fixo;Ativo;05/06/2019
2106102-000;MA;Loreto;2106102;Green Eletron;PEV fixo;Ativo;23/02/2019
3505351-000;SP;Barra do Chapéu;3505351;Sistema individual;PEV fixo;Ativo;27/04/2019
3111903-000;MG;  Cana Verde ;3111903;Green Eletron;Ponto de consolidação;Ativo;10/05/2019
2615102-000;PE;Terezinha;2615102;ABREE;PEV fixo;Ativo;04/04/2019
3515509-000;SP;Fernandópolis;3515509;Green Eletron;PEV fixo;Ativo;02/09/2019
5300108-014;DF;Brasília;5300108;ABREE;PEV fixo;Ativo;05/08/2019
4205704-000;SC;Garopaba;4205704;ABREE;Ponto de consolidação;Ativo;09/10/2019
4313953-000;RS;Pantano Grande;4313953;ABREE;PEV fixo;Ativo;05/02/2019
2402105-000;RN;Campo Redondo;2402105;ABREE;PEV fixo;Ativo;20/12/2019
1506708-000;PA;Santana do Araguaia;1506708;Green Eletron;Ponto de consolidação;Ativo;26/06/2019
4120903-000;PR;Quedas do Iguaçu;4120903;Green Eletron;PEV fixo;Ativo;25/07/2019
3169505-000;MG;TUMIRITINGA;3169505;ABREE;PEV fixo;Ativo;28/07/2019
2111300-028;MA;São Luís;2111300;Green Eletron;PEV fixo;Ativo;15/12/2019
2806909-000;SE;Sao Francisco;2806909;ABREE;PEV fixo;Ativo;16/05/2019
2202703-000;PI;COCAL;2202703;ABREE;PEV fixo;Ativo;23/11/2019
4315552-000;RS;RIO DOS ÍNDIOS;4315552;Green Eletron;PEV fixo;Ativo;07/08/2019
4205407-024;SC;Florianopolis;4205407;ABREE;PEV fixo;Ativo;04/04/2019
2105708-000;MA;Lago da Pedra;2105708;Green Eletron;PEV fixo;Ativo;01/07/2019
2304400-027;CE;Fortaleza;2304400;ABREE;PEV fixo;Ativo;28/07/2019
3550308-053;SP;Sao Paulo;3550308;ABREE;PEV fixo;Ativo;07/08/2019
3141900-000;MG;  Minduri ;3141900;ABREE;PEV fixo;Ativo;05/01/2019
5208707-004;GO;Goiânia;5208707;ABREE;PEV fixo;Ativo;20/01/2019
2507507-002;PB;João Pessoa;2507507;Green Eletron;PEV fixo;Ativo;12/04/2019
3113800-000;MG;CARMÉSIA;3113800;Green Eletron;PEV fixo;Ativo;26/12/2019
2211001-003;PI;TERESINA;2211001;ABREE;PEV fixo;Ativo;26/07/2019
1302603-003;AM;Manaus;1302603;Green Eletron;PEV fixo;Ativo;20/03/2019
2602902-002;PE;Cabo de Santo Agostinho;2602902;Green Eletron;PEV fixo;Ativo;16/03/2019
2403400-000;RN;Equador;2403400;Green Eletron;PEV fixo;Ativo;20/01/2019
4105508-000;PR;Cianorte;4105508;Green Eletron;Ponto de consolidação;Ativo;24/11/2019
3525409-000;SP;Jeriquara;3525409;Green Eletron;PEV fixo;Ativo;15/04/2019
4104907-000;PR;Castro;4104907;Sistema individual;Ponto de consolidação;Ativo;16/09/2019
4128500-000;PR;Wenceslau Braz;4128500;Green Eletron;PEV fixo;Ativo;06/11/2019
2410603-000;RN;Rafael Godeiro;2410603;ABREE;PEV fixo;Ativo;18/01/2019
3542602-000;SP;Registro;3542602;Green Eletron;PEV fixo;Ativo;11/06/2019
2102358-000;MA;BURITIRANA;2102358;ABREE;PEV fixo;Ativo;17/06/2019
3550308-089;SP;São Paulo;3550308;Green Eletron;PEV fixo;Ativo;24/07/2019
2111300-005;MA;  São Luís ;2111300;Sistema individual;PEV fixo;Ativo;27/12/2019
2304400-005;CE;Fortaleza;2304400;ABREE;PEV fixo;Ativo;20/01/2019
3149309-000;MG;  Pedro Leopoldo ;3149309;Green Eletron;PEV fixo;Ativo;19/11/2019
2507309-000;PB;Jacaraú;2507309;ABREE;PEV fixo;Ativo;02/03/2019
2304400-011;CE;Fortaleza;2304400;ABREE;PEV fixo;Ativo;17/04/2019
3556909-000;SP;VISTA ALEGRE DO ALTO;3556909;Sistema individual;PEV fixo;Ativo;15/12/2019
2304251-001;CE;Cruz;2304251;Green Eletron;PEV fixo;Ativo;26/03/2019
5205497-000;GO;Cidade Ocidental;5205497;ABREE;PEV fixo;Inativo;17/04/2019
3301405-000;RJ;CONCEIÇÃO DE MACABU;3301405;ABREE;PEV fixo;Ativo;26/09/2019
5300108-020;DF;Brasília;5300108;ABREE;PEV fixo;Ativo;16/09/2019
4301107-000;RS;  Arroio dos Ratos ;4301107;Green Eletron;Campanha itinerante;Ativo;17/01/2019
3118908-000;MG;Cordisburgo;3118908;Green Eletron;Ponto de consolidação;Ativo;13/04/2019
5300108-010;DF;Brasília;5300108;ABREE;PEV fixo;Ativo;06/09/2019
2111300-008;MA;São Luís;2111300;ABREE;PEV fixo;Ativo;19/11/2019
3550308-064;SP;Sao Paulo;3550308;Sistema individual;Ponto de consolidação;Ativo;10/03/2019
3129806-000;MG;IBIRITÉ;3129806;Green Eletron;PEV fixo;Ativo;27/03/2019
2800308-004;SE;Aracaju;2800308;Green Eletron;Campanha itinerante;Ativo;09/09/2019
2306900-000;CE;JAGUARIBE;2306900;ABREE;PEV fixo;Ativo;17/04/2019
3305307-003;RJ;São Sebastião do Alto;3305307;ABREE;PEV fixo;Ativo;17/07/2019
3550308-055;SP;São Paulo;3550308;ABREE;PEV fixo;Ativo;10/05/2019
3305406-000;RJ;  Sapucaia ;3305406;Green Eletron;PEV fixo;Ativo;18/02/2019
3126901-000;MG;Frei Inocêncio;3126901;Green Eletron;PEV fixo;Ativo;22/05/2019
2203230-000;PI;Currais;2203230;Green Eletron;PEV fixo;Ativo;18/06/2019
5300108-013;DF;Brasília;5300108;ABREE;PEV fixo;Ativo;02/05/2019
3550308-085;SP;SÃO PAULO;3550308;ABREE;PEV fixo;Ativo;18/06/2019
3305307-004;RJ;  São Sebastião do Alto ;3305307;Green Eletron;PEV fixo;Ativo;20/07/2019
3121001-000;MG;DATAS;3121001;ABREE;PEV fixo;Ativo;12/11/2019
2305209-000;CE;Hidrolândia;2305209;ABREE;PEV fixo;Ativo;07/06/2019
2605202-000;PE;Escada;2605202;ABREE;PEV fixo;Ativo;23/10/2019
4301008-000;RS;  Arroio do Meio ;4301008;Green Eletron;PEV fixo;Ativo;01/03/2019
4308250-000;RS;FLORIANO PEIXOTO;4308250;Sistema individual;PEV fixo;Ativo;06/07/2019
2304657-000;CE;  Graça ;2304657;Green Eletron;PEV fixo;Ativo;14/09/2019
2933307-000;BA;Vitória da Conquista;2933307;Green Eletron;PEV fixo;Ativo;02/05/2019
3126109-000;MG;Formiga;3126109;ABREE;Ponto de consolidação;Ativo;18/04/2019
3150158-000;MG;PIEDADE DE CARATINGA;3150158;ABREE;PEV fixo;Ativo;08/08/2019
5202601-000;GO;AURILÂNDIA;5202601;Green Eletron;PEV fixo;Ativo;24/07/2019
2602803-000;PE;Buíque;2602803;Green Eletron;PEV fixo;Inativo;05/08/2019
3302700-003;RJ;Marica;3302700;Green Eletron;PEV fixo;Ativo;09/01/2019
4316006-000;RS;Rolante;4316006;Green Eletron;PEV fixo;Ativo;22/04/2019
4205407-011;SC;Florianopolis;4205407;ABREE;PEV fixo;Ativo;03/01/2019
3550308-051;SP;Sao Paulo;3550308;Green Eletron;PEV fixo;Ativo;03/02/2019
3550308-083;SP;SÃO PAULO;3550308;Green Eletron;Ponto de consolidação;Ativo;22/12/2019
3516309-000;SP;Francisco Morato;3516309;ABREE;PEV fixo;Ativo;10/02/2019
3143906-000;MG;MURIAÉ;3143906;Green Eletron;PEV fixo;Ativo;23/10/2019
5102678-000;MT;Campo Verde;5102678;Green Eletron;Campanha itinerante;Ativo;17/11/2019
2916609-000;BA;Itapitanga;2916609;ABREE;PEV fixo;Ativo;09/07/2019
3150109-000;MG;Piau;3150109;ABREE;PEV fixo;Ativo;09/05/2019
2309904-001;CE;  Pacujá ;2309904;ABREE;PEV fixo;Ativo;13/05/2019
1718840-000;TO;Sandolandia;1718840;ABREE;PEV fixo;Ativo;23/09/2019
4108700-000;PR;GRANDES RIOS;4108700;Sistema individual;PEV fixo;Ativo;06/06/2019
5220058-000;GO;São João da Paraúna;5220058;ABREE;Ponto de consolidação;Ativo;20/12/2019
2512721-000;PB;Pedro Régis;2512721;Green Eletron;PEV fixo;Ativo;15/10/2019
2616183-000;PE;VERTENTE DO LÉRIO;2616183;Sistema individual;PEV fixo;Ativo;07/04/2019
4320404-000;RS;Serafina Corrêa;4320404;Sistema individual;Campanha itinerante;Ativo;27/03/2019
4120002-000;PR;Porecatu;4120002;ABREE;PEV fixo;Ativo;16/10/2019
2705705-000;AL;OLHO D'ÁGUA DAS FLORES;2705705;ABREE;PEV fixo;Ativo;24/08/2019
3300308-000;RJ;BARRA DO PIRAÍ;3300308;Green Eletron;PEV fixo;Ativo;01/03/2019
1302306-000;AM;Jutai;1302306;ABREE;PEV fixo;Ativo;18/11/2019
2913507-000;BA;Iguai;2913507;Green Eletron;PEV fixo;Ativo;27/03/2019
2927408-015;BA;SALVADOR;2927408;ABREE;PEV fixo;Ativo;08/03/2019
3129657-000;MG;Ibiracatu;3129657;ABREE;PEV fixo;Ativo;27/09/2019
5208707-002;GO;Goiania;5208707;Green Eletron;PEV fixo;Ativo;19/09/2019
1508209-003;PA;Vigia;1508209;Green Eletron;Campanha itinerante;Ativo;02/12/2019
2304400-024;CE;Fortaleza;2304400;ABREE;PEV fixo;Ativo;21/12/2019
2310902-000;CE;PIQUET CARNEIRO;2310902;ABREE;PEV fixo;Ativo;13/06/2019
3550308-023;SP;Sao Paulo;3550308;ABREE;Campanha itinerante;Ativo;13/12/2019
4217956-000;SC;Tigrinhos;4217956;ABREE;PEV fixo;Ativo;11/05/2019
3526803-000;SP;Lençóis Paulista;3526803;ABREE;Campanha itinerante;Ativo;16/01/2019
2927408-025;BA;Salvador;2927408;ABREE;PEV fixo;Ativo;06/04/2019
2608107-000;PE;João Alfredo;2608107;Green Eletron;Campanha itinerante;Ativo;07/01/2019
4217253-000;SC;SÃO PEDRO DE ALCÂNTARA;4217253;Green Eletron;Campanha itinerante;Ativo;23/11/2019
2310803-000;CE;Pereiro;2310803;Sistema individual;PEV fixo;Ativo;25/08/2019
4302659-000;RS;Brochier;4302659;Green Eletron;PEV fixo;Ativo;03/09/2019
2404903-000;RN;Itaú;2404903;ABREE;PEV fixo;Ativo;28/02/2019
2614105-000;PE;Sertania;2614105;ABREE;PEV fixo;Ativo;06/03/2019
3556453-000;SP;Vargem Grande Paulista;3556453;Green Eletron;PEV fixo;Ativo;06/08/2019
1502939-000;PA;Dom Eliseu;1502939;Green Eletron;PEV fixo;Ativo;26/09/2019
3550308-006;SP;  São Paulo ;3550308;ABREE;PEV fixo;Ativo;24/05/2019
3550308-092;SP;SÃO PAULO;3550308;Green Eletron;PEV fixo;Ativo;23/05/2019
3301405-003;RJ;CONCEIÇÃO DE MACABU;3301405;ABREE;PEV fixo;Ativo;12/04/2019
3157500-000;MG;Santa Efigênia de Minas;3157500;Green Eletron;Campanha itinerante;Ativo;25/03/2019
4304622-000;RS;CAPÃO BONITO DO SUL;4304622;Green Eletron;Campanha itinerante;Ativo;07/01/2019
3550308-073;SP;  São Paulo ;3550308;Green Eletron;PEV fixo;Ativo;21/02/2019
3302403-001;RJ;  Macaé ;3302403;Green Eletron;Ponto de consolidação;Ativo;13/04/2019
1600402-000;AP;Mazagão;1600402;ABREE;PEV fixo;Ativo;15/04/2019
4124400-000;PR;SANTO ANTÔNIO DO SUDOESTE;4124400;ABREE;PEV fixo;Ativo;23/02/2019
2203701-000;PI;ESPERANTINA;2203701;Green Eletron;PEV fixo;Ativo;09/10/2019
3550308-025;SP;São Paulo;3550308;Green Eletron;PEV fixo;Ativo;22/06/2019
2111300-013;MA;SÃO LUÍS;2111300;Sistema individual;PEV fixo;Ativo;26/07/2019
2607653-000;PE;  Itambé ;2607653;Green Eletron;PEV fixo;Ativo;01/06/2019
4217402-000;SC;Schroeder;4217402;Green Eletron;Ponto de consolidação;Ativo;04/03/2019
4120150-000;PR;Porto Barreiro;4120150;Green Eletron;PEV fixo;Ativo;03/03/2019
2211001-000;PI;TERESINA;2211001;Green Eletron;PEV fixo;Ativo;06/01/2019
3130101-000;MG;IGARAPÉ;3130101;Green Eletron;Campanha itinerante;Ativo;08/01/2019
3122405-000;MG;Divisa Nova;3122405;ABREE;PEV fixo;Ativo;25/01/2019
2931509-000;BA;Teofilândia;2931509;Green Eletron;Ponto de consolidação;Ativo;08/09/2019
3543006-000;SP;Ribeirão Branco;3543006;ABREE;PEV fixo;Ativo;07/01/2019
3118304-000;MG;  Conselheiro Lafaiete ;3118304;Green Eletron;PEV fixo;Ativo;22/05/2019
2306603-000;CE;Itatira;2306603;Green Eletron;PEV fixo;Ativo;09/09/2019
5200902-000;GO;AMORINÓPOLIS;5200902;Green Eletron;PEV fixo;Ativo;16/11/2019
2922805-000;BA;Nova Itarana;2922805;Green Eletron;PEV fixo;Ativo;10/09/2019
1302603-002;AM;MANAUS;1302603;Green Eletron;PEV fixo;Ativo;23/06/2019
4123402-000;PR;Santa Fé;4123402;Sistema individual;PEV fixo;Ativo;18/05/2019
4205407-023;SC;Florianópolis;4205407;ABREE;PEV fixo;Ativo;02/03/2019
3532900-003;SP;NOVA EUROPA;3532900;Green Eletron;PEV fixo;Ativo;17/10/2019
3550308-082;SP;SÃO PAULO;3550308;Sistema individual;PEV fixo;Ativo;22/01/2019
2111300-006;MA;São Luís;2111300;ABREE;PEV fixo;Ativo;25/10/2019
2605806-001;PE;Frei Miguelinho;2605806;ABREE;PEV fixo;Ativo;28/03/2019
2927408-012;BA;Salvador;2927408;Green Eletron;PEV fixo;Ativo;16/12/2019
2211001-001;PI;Teresina;2211001;ABREE;PEV fixo;Ativo;09/02/2019
2927408-027;BA;Salvador;2927408;ABREE;PEV fixo;Ativo;09/10/2019
1506500-000;PA;Santa Izabel do Para;1506500;ABREE;PEV fixo;Inativo;14/07/2019
3167103-000;MG;Serro;3167103;Sistema individual;PEV fixo;Ativo;25/12/2019
5215207-000;GO;NOVO BRASIL;5215207;ABREE;Ponto de consolidação;Ativo;26/08/2019
2111300-004;MA;Sao Luis;2111300;ABREE;PEV fixo;Ativo;14/05/2019
2511103-000;PB;Pedra Lavrada;2511103;Green Eletron;PEV fixo;Ativo;12/03/2019
3550308-091;SP;  São Paulo ;3550308;Green Eletron;PEV fixo;Ativo;19/07/2019
4119608-000;PR;Pitanga;4119608;ABREE;PEV fixo;Ativo;12/09/2019
2507507-004;PB;João Pessoa;2507507;Green Eletron;PEV fixo;Ativo;15/06/2019
2202851-000;PI;Coronel José Dias;2202851;ABREE;PEV fixo;Ativo;23/08/2019
3513009-000;SP;COTIA;3513009;Sistema individual;PEV fixo;Ativo;02/02/2019
2111300-016;MA;SÃO LUÍS;2111300;Green Eletron;PEV fixo;Ativo;01/03/2019
1717909-000;TO;Ponte Alta do Tocantins;1717909;ABREE;PEV fixo;Ativo;09/08/2019
3550308-052;SP;SÃO PAULO;;Green Eletron;PEV fixo;Ativo;16/01/2019
4205407-025;SC;FLORIANÓPOLIS;4205407;Green Eletron;PEV fixo;Ativo;17/03/2019
5208152-000;GO;Gameleira de Goiás;5208152;Green Eletron;PEV fixo;Ativo;13/02/2019
2516755-000;PB;Tenório;2516755;Green Eletron;PEV fixo;Ativo;26/01/2019
2902609-000;BA;Baixa Grande;2902609;Green Eletron;PEV fixo;Ativo;19/07/2019
3550308-040;SP;Sao Paulo;3550308;Green Eletron;PEV fixo;Ativo;11/07/2019
3155900-000;MG;Rio Preto;;ABREE;Ponto de consolidação;Ativo;13/10/2019
5300108-016;DF;Brasília;5300108;Green Eletron;PEV fixo;Ativo;05/07/2019
2401651-000;RN;BODÓ;2401651;Green Eletron;PEV fixo;Ativo;08/05/2019
2927408-007;BA;SALVADOR;2927408;Green Eletron;PEV fixo;Ativo;17/11/2019
3302700-005;RJ;  Maricá ;3302700;Green Eletron;Campanha itinerante;Ativo;12/12/2019
2412401-000;RN;São José do Seridó;2412401;ABREE;PEV fixo;Ativo;17/01/2019
2111300-031;MA;Sao Luis;2111300;ABREE;Ponto de consolidação;Ativo;13/11/2019
2307908-000;CE;Martinópole;2307908;ABREE;PEV fixo;Ativo;23/11/2019
3550308-066;SP;São Paulo;3550308;ABREE;PEV fixo;Ativo;22/03/2019
4308433-000;RS;Forquetinha;4308433;Sistema individual;PEV fixo;Ativo;03/11/2019
4310652-000;RS;Itati;;Sistema individual;PEV fixo;Ativo;04/01/2019
3550308-093;SP;São Paulo;3550308;ABREE;PEV fixo;Ativo;23/12/2019
3550308-047;SP;São Paulo;3550308;Green Eletron;PEV fixo;Ativo;10/12/2019
4205407-003;SC;Florianopolis;4205407;Green Eletron;PEV fixo;Ativo;10/06/2019
3538808-009;SP;Piraju;3538808;ABREE;PEV fixo;Ativo;17/06/2019
3142007-000;MG;MIRABELA;3142007;Green Eletron;PEV fixo;Ativo;11/08/2019
3528106-000;SP;MACAUBAL;3528106;Sistema individual;PEV fixo;Ativo;07/10/2019
3549250-001;SP;Sao Joao de Iracema;3549250;ABREE;PEV fixo;Ativo;17/10/2019
2507507-000;PB;João Pessoa;2507507;Green Eletron;PEV fixo;Ativo;01/08/2019
2500700-000;PB;SÃO JOÃO DO RIO DO PEIXE;2500700;Sistema individual;PEV fixo;Ativo;20/10/2019
3550308-087;SP;Sao Paulo;3550308;ABREE;PEV fixo;Ativo;26/02/2019
3110707-000;MG;CAMBUQUIRA;3110707;Sistema individual;PEV fixo;Ativo;18/02/2019
2111706-000;MA;  São Vicente Ferrer ;2111706;ABREE;Ponto de consolidação;Ativo;19/05/2019
3110400-000;MG;Camacho;3110400;Green Eletron;PEV fixo;Ativo;27/05/2019
2927408-040;BA;Salvador;2927408;ABREE;PEV fixo;Ativo;22/09/2019
3504305-000;SP;Avaí;3504305;Green Eletron;PEV fixo;Ativo;17/04/2019
2607505-000;PE;  Itaíba ;2607505;Green Eletron;PEV fixo;Ativo;11/12/2019
3550308-002;SP;São Paulo;3550308;Green Eletron;PEV fixo;Ativo;02/03/2019
2800308-003;SE;Aracaju;2800308;Sistema individual;PEV fixo;Ativo;20/11/2019
2914901-000;BA;Itacare;2914901;ABREE;PEV fixo;Ativo;27/12/2019
5222302-000;GO;Vila Propício;5222302;ABREE;PEV fixo;Ativo;08/05/2019
5300108-003;DF;Brasília;5300108;ABREE;PEV fixo;Ativo;20/10/2019
4204509-000;SC;Corupá;4204509;Green Eletron;PEV fixo;Ativo;26/06/2019
2504801-000;PB;Coremas;2504801;ABREE;Ponto de consolidação;Ativo;15/04/2019
4200507-000;SC;ÁGUAS DE CHAPECÓ;4200507;ABREE;PEV fixo;Ativo;11/07/2019
3525607-001;SP;João Ramalho;3525607;Green Eletron;PEV fixo;Ativo;26/07/2019
2101939-001;MA;Bernardo do Mearim;2101939;Green Eletron;PEV fixo;Ativo;04/09/2019
3108305-000;MG;BORDA DA MATA;3108305;ABREE;PEV fixo;Ativo;13/06/2019
4300208-000;RS;Ajuricaba;4300208;Green Eletron;PEV fixo;Ativo;21/05/2019
3550308-097;SP;SÃO PAULO;3550308;ABREE;PEV fixo;Ativo;04/04/2019
4205407-009;SC;Florianópolis;;ABREE;PEV fixo;Ativo;28/07/2019
3550308-081;SP;Sao Paulo;3550308;Sistema individual;PEV fixo;Ativo;26/12/2019
2927408-043;BA;Salvador;2927408;Sistema individual;Ponto de consolidação;Ativo;26/05/2019
2800308-001;SE;Aracaju;2800308;Green Eletron;Ponto de consolidação;Inativo;25/06/2019
3550308-018;SP;São Paulo;3550308;ABREE;PEV fixo;Ativo;14/01/2019
4319406-000;RS;Sao Pedro do Sul;4319406;ABREE;PEV fixo;Ativo;11/01/2019
3172004-000;MG;Visconde do Rio Branco;3172004;Green Eletron;PEV fixo;Ativo;07/06/2019
2111300-009;MA;São Luís;2111300;ABREE;PEV fixo;Ativo;01/02/2019
1717206-000;TO;Piraquê;1717206;ABREE;PEV fixo;Ativo;08/11/2019
2803807-000;SE;  Malhada dos Bois ;2803807;Sistema individual;PEV fixo;Ativo;18/04/2019
2208502-000;PI;PORTO;2208502;Green Eletron;PEV fixo;Ativo;14/10/2019
3550308-067;SP;São Paulo;3550308;ABREE;PEV fixo;Ativo;12/01/2019
4205407-021;SC;Florianópolis;4205407;ABREE;PEV fixo;Ativo;22/05/2019
3521507-000;SP;Irapuã;3521507;Green Eletron;PEV fixo;Ativo;14/09/2019
3521903-000;SP;Itajobi;3521903;Green Eletron;PEV fixo;Ativo;20/03/2019
4122206-000;PR;Rio Branco do Sul;4122206;Green Eletron;PEV fixo;Ativo;26/12/2019
1300029-001;AM;ALVARÃES;1300029;Green Eletron;PEV fixo;Ativo;06/09/2019
3114006-000;MG;Carmo da Mata;3114006;Green Eletron;PEV fixo;Ativo;04/04/2019
3537305-000;SP;Penápolis;3537305;ABREE;PEV fixo;Ativo;03/12/2019
4322509-000;RS;VACARIA;4322509;Green Eletron;PEV fixo;Ativo;22/06/2019
2800308-000;SE;ARACAJU;2800308;ABREE;PEV fixo;Ativo;11/07/2019
3110509-000;MG;Camanducaia;;Green Eletron;PEV fixo;Ativo;21/06/2019
3550308-088;SP;Sao Paulo;3550308;Green Eletron;PEV fixo;Ativo;04/11/2019
4127882-000;PR;TUNAS DO PARANÁ;4127882;Sistema individual;PEV fixo;Ativo;06/02/2019
4313334-001;RS;Nova Ramada;4313334;Sistema individual;PEV fixo;Ativo;19/12/2019
2211001-004;PI;Teresina;2211001;Green Eletron;Campanha itinerante;Ativo;25/08/2019
4205407-005;SC;FLORIANÓPOLIS;4205407;ABREE;PEV fixo;Ativo;14/03/2019
3550308-063;SP;SÃO PAULO;3550308;Sistema individual;PEV fixo;Ativo;18/03/2019
3125606-000;MG;Felisburgo;3125606;ABREE;PEV fixo;Ativo;15/04/2019
5300108-023;DF;Brasília;5300108;ABREE;PEV fixo;Ativo;10/12/2019
5300108-006;DF;Brasília;5300108;Green Eletron;PEV fixo;Ativo;02/01/2019
1101484-000;RO;Sao Felipe D'Oeste;1101484;ABREE;PEV fixo;Ativo;25/01/2019
4215752-000;SC;São Bernardino;4215752;Green Eletron;PEV fixo;Ativo;13/05/2019
2501104-000;PB;Areia;2501104;Green Eletron;PEV fixo;Ativo;23/04/2019
5300108-028;DF;BRASÍLIA;5300108;ABREE;PEV fixo;Ativo;12/09/2019
3550308-095;SP;  São Paulo ;3550308;ABREE;PEV fixo;Ativo;18/05/2019
2200806-000;PI;ANTÔNIO ALMEIDA;2200806;ABREE;PEV fixo;Ativo;26/08/2019
1711951-000;TO;Lagoa do Tocantins;1711951;ABREE;PEV fixo;Ativo;16/01/2019
1502707-000;PA;  Conceição do Araguaia ;1502707;ABREE;PEV fixo;Ativo;23/07/2019
2111300-003;MA;São Luís;2111300;ABREE;PEV fixo;Ativo;14/10/2019
3547304-000;SP;  Santana de Parnaíba ;3547304;ABREE;PEV fixo;Ativo;07/11/2019
3550308-054;SP;São Paulo;3550308;ABREE;PEV fixo;Ativo;24/02/2019
4312104-000;RS;Mata;4312104;ABREE;PEV fixo;Ativo;04/04/2019
2210391-000;PI;  São Miguel do Fidalgo ;2210391;Sistema individual;PEV fixo;Ativo;14/11/2019
2922656-001;BA;NORDESTINA;2922656;ABREE;PEV fixo;Ativo;10/06/2019
1507003-000;PA;Santo Antônio do Tauá;1507003;Green Eletron;PEV fixo;Ativo;08/11/2019
2602902-000;PE;Cabo de Santo Agostinho;2602902;Green Eletron;Campanha itinerante;Ativo;06/02/2019
3302908-001;RJ;Miguel Pereira;3302908;Sistema individual;PEV fixo;Ativo;05/03/2019
3550308-038;SP;São Paulo;3550308;ABREE;PEV fixo;Ativo;04/04/2019
2204709-000;PI;Inhuma;2204709;Green Eletron;PEV fixo;Ativo;21/06/2019
1721000-000;TO;PALMAS;1721000;Green Eletron;PEV fixo;Ativo;12/07/2019
1101484-000;RO;Sao Felipe D'Oeste;1101484;ABREE;PEV fixo;Ativo;25/01/2019
5300108-017;DF;Brasilia;5300108;ABREE;PEV fixo;Ativo;28/05/2019
2305209-000;CE;Hidrolândia;2305209;ABREE;PEV fixo;Ativo;07/06/2019
3503802-000;SP;Artur Nogueira;3503802;ABREE;PEV fixo;Ativo;09/09/2019
4205407-002;SC;Florianópolis;4205407;ABREE;PEV fixo;Ativo;10/09/2019
4112900-000;PR;  Jundiaí do Sul ;4112900;ABREE;PEV fixo;Ativo;05/07/2019
3550308-069;SP;  São Paulo ;;ABREE;PEV fixo;Ativo;02/12/2019
1507151-001;PA;São Domingos do Araguaia;1507151;ABREE;PEV fixo;Ativo;20/10/2019
3538808-003;SP;Piraju;3538808;ABREE;PEV fixo;Ativo;26/12/2019
1504208-000;PA;Marabá;1504208;Green Eletron;PEV fixo;Ativo;26/08/2019
2509503-000;PB;Montadas;2509503;Sistema individual;PEV fixo;Inativo;16/01/2019
3302403-002;RJ;Macaé;3302403;Green Eletron;PEV fixo;Ativo;16/08/2019
4312658-000;RS;Nao-Me-Toque;4312658;Sistema individual;PEV fixo;Ativo;18/11/2019
3142601-000;MG;Monsenhor Paulo;3142601;ABREE;PEV fixo;Inativo;14/10/2019
2507507-001;PB;Joao Pessoa;2507507;ABREE;PEV fixo;Ativo;07/02/2019
3126752-000;MG;Franciscópolis;3126752;Green Eletron;PEV fixo;Ativo;27/04/2019
3550308-035;SP;SÃO PAULO;3550308;Sistema individual;PEV fixo;Ativo;12/03/2019
2302107-001;CE;Baturité;2302107;Green Eletron;PEV fixo;Ativo;01/01/2019
5300108-005;DF;Brasília;5300108;Green Eletron;PEV fixo;Ativo;19/05/2019
2927408-009;BA;Salvador;2927408;ABREE;PEV fixo;Ativo;10/05/2019
4311643-000;RS;Linha Nova;4311643;ABREE;PEV fixo;Inativo;24/04/2019
2304400-029;CE;Fortaleza;2304400;Green Eletron;PEV fixo;Ativo;12/09/2019
3550308-070;SP;Sao Paulo;3550308;ABREE;PEV fixo;Ativo;08/07/2019
3550308-032;SP;  São Paulo ;3550308;ABREE;PEV fixo;Ativo;19/04/2019
2407302-000;RN;MARCELINO VIEIRA;2407302;ABREE;PEV fixo;Ativo;03/01/2019
2705200-000;AL;MESSIAS;2705200;ABREE;PEV fixo;Ativo;18/04/2019
2612000-000;PE;SAIRÉ;2612000;Sistema individual;PEV fixo;Ativo;12/04/2019
2800308-002;SE;Aracaju;2800308;Green Eletron;PEV fixo;Ativo;24/09/2019
4104253-000;PR;Campo Magro;4104253;Green Eletron;PEV fixo;Ativo;13/06/2019
3532009-004;SP;Morungaba;3532009;Green Eletron;PEV fixo;Ativo;19/04/2019
2931350-000;BA;Teixeira de Freitas;2931350;Green Eletron;PEV fixo;Ativo;24/06/2019
4215653-000;SC;SANTA ROSA DO SUL;4215653;ABREE;Ponto de consolidação;Ativo;02/07/2019
2304400-023;CE;FORTALEZA;2304400;ABREE;PEV fixo;Ativo;03/09/2019
2704500-000;AL;Maragogi;2704500;Sistema individual;PEV fixo;Ativo;04/09/2019
4205407-014;SC;FLORIANÓPOLIS;4205407;ABREE;PEV fixo;Ativo;21/04/2019
3535606-000;SP;Paraibuna;3535606;ABREE;PEV fixo;Ativo;08/02/2019
4118501-000;PR;Pato Branco;4118501;ABREE;PEV fixo;Ativo;17/06/2019
3139201-000;MG;Malacacheta;3139201;ABREE;PEV fixo;Ativo;22/06/2019
2701803-000;AL;Carneiros;2701803;ABREE;PEV fixo;Ativo;05/01/2019
1714302-000;TO;NAZARÉ;1714302;Green Eletron;PEV fixo;Ativo;27/11/2019
4319356-000;RS;SÃO PEDRO DA SERRA;4319356;Green Eletron;Campanha itinerante;Ativo;18/01/2019
3538808-004;SP;PIRAJU;3538808;Green Eletron;PEV fixo;Ativo;22/04/2019
3550308-048;SP;  São Paulo ;3550308;ABREE;PEV fixo;Ativo;15/03/2019
4315149-000;RS;Presidente Lucena;4315149;ABREE;PEV fixo;Ativo;22/01/2019
3131158-000;MG;Ipaba;3131158;ABREE;PEV fixo;Ativo;25/02/2019
2111300-022;MA;São Luís;2111300;ABREE;PEV fixo;Ativo;16/11/2019
4124806-000;PR;São João;4124806;ABREE;PEV fixo;Ativo;03/08/2019
4205407-000;SC;Florianópolis;4205407;ABREE;PEV fixo;Ativo;21/09/2019
3541059-000;SP;Pratânia;3541059;ABREE;PEV fixo;Ativo;10/11/2019
3300308-001;RJ;BARRA DO PIRAÍ;3300308;Green Eletron;PEV fixo;Inativo;27/01/2019
2111300-021;MA;SÃO LUÍS;2111300;Green Eletron;PEV fixo;Ativo;01/05/2019
4205456-000;SC;FORQUILHINHA;4205456;ABREE;PEV fixo;Ativo;10/07/2019
3167707-000;MG;Sobralia;3167707;ABREE;PEV fixo;Ativo;09/11/2019
4103008-000;PR;Boa Esperança;4103008;ABREE;PEV fixo;Ativo;07/03/2019
3300902-001;RJ;Cambuci;3300902;ABREE;PEV fixo;Ativo;19/10/2019
2305332-000;CE;Ibicuitinga;2305332;ABREE;PEV fixo;Ativo;15/03/2019
4205407-013;SC;  Florianópolis ;4205407;Green Eletron;PEV fixo;Ativo;21/10/2019
3146008-000;MG;Ouro Fino;3146008;ABREE;PEV fixo;Ativo;08/02/2019
3556503-000;SP;  Várzea Paulista ;3556503;ABREE;PEV fixo;Ativo;23/01/2019
2804409-000;SE;Neópolis;2804409;Sistema individual;PEV fixo;Ativo;22/05/2019
2930154-000;BA;SERRA DO RAMALHO;2930154;ABREE;PEV fixo;Ativo;17/03/2019
5208707-000;GO;  Goiânia ;5208707;Green Eletron;PEV fixo;Ativo;21/01/2019
2927408-017;BA;Salvador;2927408;ABREE;PEV fixo;Ativo;17/01/2019
3525607-000;SP;João Ramalho;3525607;Green Eletron;Ponto de consolidação;Ativo;04/05/2019
2707602-000;AL;Quebrangulo;2707602;ABREE;PEV fixo;Ativo;03/04/2019
2514651-000;PB;SÃO JOSÉ DO BREJO DO CRUZ;2514651;ABREE;Campanha itinerante;Ativo;11/01/2019
2304400-014;CE;Fortaleza;2304400;Green Eletron;PEV fixo;Ativo;14/12/2019
2506202-000;PB;Frei Martinho;2506202;ABREE;Campanha itinerante;Ativo;23/04/2019
5300108-026;DF;Brasília;5300108;ABREE;Ponto de consolidação;Ativo;07/12/2019
2304400-008;CE;FORTALEZA;2304400;ABREE;PEV fixo;Ativo;02/11/2019
2921500-000;BA;Monte Santo;2921500;ABREE;PEV fixo;Ativo;16/12/2019
3538808-006;SP;Piraju;3538808;ABREE;PEV fixo;Ativo;21/12/2019
3117009-000;MG;Comercinho;3117009;ABREE;PEV fixo;Ativo;12/03/2019
4123956-000;PR;  Santa Mônica ;4123956;ABREE;PEV fixo;Ativo;03/04/2019
2927408-042;BA;Salvador;2927408;ABREE;PEV fixo;Ativo;26/08/2019
4215208-000;SC;Romelandia;4215208;Green Eletron;PEV fixo;Ativo;28/03/2019
3542305-000;SP;Redencao da Serra;3542305;ABREE;PEV fixo;Ativo;08/11/2019
1301001-000;AM;Carauari;1301001;ABREE;PEV fixo;Ativo;03/09/2019
5300108-021;DF;Brasília;5300108;ABREE;PEV fixo;Ativo;17/06/2019
4306056-000;RS;CRISTAL;4306056;Green Eletron;Campanha itinerante;Ativo;26/04/2019
3302700-001;RJ;MARICÁ;3302700;Sistema individual;Campanha itinerante;Ativo;19/12/2019
2112803-000;MA;Viana;2112803;Green Eletron;PEV fixo;Ativo;27/06/2019
1717503-000;TO;PIUM;1717503;ABREE;PEV fixo;Ativo;08/06/2019
3111002-000;MG;Campestre;3111002;ABREE;PEV fixo;Ativo;08/03/2019
1718865-000;TO;Santa Fé do Araguaia;1718865;ABREE;Ponto de consolidação;Ativo;09/06/2019
3149002-000;MG;PEDRA DOURADA;3149002;ABREE;PEV fixo;Ativo;21/11/2019
1300029-000;AM;Alvarães;1300029;ABREE;PEV fixo;Ativo;14/05/2019
3526803-001;SP;Lençóis Paulista;3526803;ABREE;Ponto de consolidação;Ativo;02/04/2019
3532900-004;SP;Nova Europa;3532900;Sistema individual;Ponto de consolidação;Ativo;19/03/2019
3539509-000;SP;Pitangueiras;3539509;ABREE;PEV fixo;Ativo;20/05/2019
4306106-000;RS;Cruz Alta;4306106;ABREE;PEV fixo;Ativo;01/10/2019
2503506-000;PB;CACIMBA DE DENTRO;2503506;Green Eletron;PEV fixo;Ativo;04/05/2019
3527801-000;SP;LUPÉRCIO;3527801;Sistema individual;Campanha itinerante;Ativo;04/10/2019
3160207-001;MG;  Santo Antônio do Itambé ;3160207;Green Eletron;PEV fixo;Ativo;05/11/2019
3550308-013;SP;SÃO PAULO;3550308;ABREE;PEV fixo;Ativo;20/04/2019
4205407-012;SC;Florianópolis;4205407;ABREE;PEV fixo;Ativo;06/02/2019
3302700-004;RJ;MARICÁ;3302700;Green Eletron;Ponto de consolidação;Ativo;09/12/2019
2102374-000;MA;  Cachoeira Grande ;2102374;ABREE;PEV fixo;Ativo;05/08/2019
1101807-000;RO;Vale do Paraíso;1101807;Green Eletron;PEV fixo;Ativo;09/12/2019
4118006-000;PR;  Paraíso do Norte ;4118006;ABREE;PEV fixo;Ativo;20/05/2019
3120151-000;MG;  Crisólita ;3120151;ABREE;Campanha itinerante;Ativo;01/05/2019
3550308-030;SP;  São Paulo ;3550308;ABREE;PEV fixo;Ativo;13/04/2019
3550308-003;SP;SÃO PAULO;3550308;ABREE;PEV fixo;Ativo;14/11/2019
1501204-003;PA;Baião;1501204;ABREE;PEV fixo;Ativo;26/08/2019
3142304-000;MG;  Moeda ;3142304;ABREE;PEV fixo;Ativo;26/10/2019
4302600-000;RS;BRAGA;4302600;Green Eletron;PEV fixo;Ativo;21/07/2019
2906808-000;BA;Cansancao;2906808;ABREE;Ponto de consolidação;Ativo;28/04/2019
4211892-000;SC;PAINEL;4211892;ABREE;PEV fixo;Ativo;01/03/2019
2616183-001;PE;Vertente do Lerio;2616183;ABREE;Ponto de consolidação;Ativo;16/02/2019
2917904-000;BA;Jandaíra;2917904;Green Eletron;PEV fixo;Ativo;04/07/2019
4323507-000;RS;Vista Alegre;4323507;ABREE;PEV fixo;Ativo;15/03/2019
1508084-000;PA;Tucumã;1508084;ABREE;PEV fixo;Ativo;23/11/2019
2923209-000;BA;Oliveira dos Brejinhos;2923209;ABREE;PEV fixo;Ativo;01/11/2019
3550308-008;SP;SÃO PAULO;3550308;Sistema individual;PEV fixo;Ativo;25/08/2019
2927408-019;BA;Salvador;2927408;Green Eletron;Campanha itinerante;Ativo;01/06/2019
3550308-103;SP;São Paulo;3550308;Green Eletron;PEV fixo;Ativo;07/09/2019
1702000-000;TO;ARAGUAÇU;1702000;Green Eletron;PEV fixo;Ativo;07/09/2019
3550308-029;SP;São Paulo;3550308;ABREE;PEV fixo;Ativo;28/03/2019
2102077-000;MA;Bom Lugar;2102077;ABREE;PEV fixo;Ativo;06/07/2019
2304400-018;CE;Fortaleza;2304400;ABREE;PEV fixo;Ativo;22/03/2019
2513158-000;PB;SANTA CECÍLIA;2513158;Green Eletron;PEV fixo;Ativo;21/08/2019
2211001-007;PI;Teresina;2211001;ABREE;PEV fixo;Inativo;23/12/2019
2918704-000;BA;LAFAIETE COUTINHO;2918704;Green Eletron;PEV fixo;Ativo;28/01/2019
4307906-000;RS;FARROUPILHA;4307906;ABREE;PEV fixo;Ativo;11/04/2019
3538808-010;SP;PIRAJU;3538808;Green Eletron;PEV fixo;Ativo;16/05/2019
3551504-000;SP;Serrana;3551504;Green Eletron;PEV fixo;Ativo;22/09/2019
2306801-000;CE;Jaguaribara;2306801;Sistema individual;PEV fixo;Ativo;05/06/2019
2111300-030;MA;SÃO LUÍS;2111300;Green Eletron;PEV fixo;Ativo;05/04/2019
2709004-000;AL;Tanque d'Arca;2709004;Sistema individual;PEV fixo;Ativo;14/12/2019
2800308-007;SE;Aracaju;2800308;ABREE;Campanha itinerante;Ativo;07/12/2019
4124103-000;PR;Santo Antonio da Platina;4124103;Green Eletron;PEV fixo;Ativo;01/10/2019
3137809-000;MG;Lambari;3137809;ABREE;PEV fixo;Ativo;12/01/2019
3302700-002;RJ;Maricá;3302700;ABREE;PEV fixo;Ativo;01/09/2019
4322186-000;RS;Tupanci do Sul;4322186;Green Eletron;PEV fixo;Ativo;25/08/2019
4121257-000;PR;RAMILÂNDIA;4121257;ABREE;PEV fixo;Ativo;03/05/2019
3116001-000;MG;CHALÉ;3116001;ABREE;PEV fixo;Ativo;17/06/2019
3502903-000;SP;Araçoiaba da Serra;3502903;ABREE;PEV fixo;Ativo;26/04/2019
2927408-001;BA;Salvador;2927408;ABREE;PEV fixo;Ativo;03/03/2019
4315800-000;RS;Roca Sales;4315800;ABREE;PEV fixo;Ativo;07/11/2019
2927408-023;BA;Salvador;2927408;ABREE;PEV fixo;Ativo;15/08/2019
2304400-028;CE;Fortaleza;2304400;Green Eletron;PEV fixo;Ativo;10/08/2019
2405900-000;RN;João Dias;2405900;ABREE;PEV fixo;Ativo;13/04/2019
3550308-058;SP;São Paulo;3550308;ABREE;PEV fixo;Ativo;05/12/2019
1508126-000;PA;Ulianópolis;1508126;Green Eletron;PEV fixo;Ativo;01/07/2019
3550308-022;SP;SÃO PAULO;3550308;Green Eletron;PEV fixo;Inativo;06/07/2019
3550308-045;SP;Sao Paulo;3550308;Green Eletron;PEV fixo;Ativo;26/02/2019
2202778-000;PI;Colônia do Piauí;2202778;Green Eletron;PEV fixo;Ativo;09/10/2019
2905305-000;BA;Cafarnaum;2905305;ABREE;PEV fixo;Ativo;27/07/2019
3160108-000;MG;Santo Antônio do Grama;3160108;Sistema individual;PEV fixo;Ativo;21/06/2019
1302603-000;AM;Manaus;1302603;ABREE;Campanha itinerante;Ativo;20/02/2019
2615102-002;PE;Terezinha;2615102;Green Eletron;PEV fixo;Ativo;24/01/2019
5208707-003;GO;  Goiânia ;5208707;Green Eletron;PEV fixo;Ativo;28/05/2019
3550308-078;SP;  São Paulo ;3550308;Green Eletron;PEV fixo;Ativo;18/07/2019
3550308-020;SP;São Paulo;3550308;Green Eletron;PEV fixo;Ativo;22/11/2019
3538808-008;SP;PIRAJU;3538808;ABREE;PEV fixo;Ativo;26/02/2019
4107553-000;PR;Farol;4107553;ABREE;PEV fixo;Inativo;28/06/2019
3163805-000;MG;São Miguel do Anta;3163805;ABREE;PEV fixo;Ativo;16/11/2019
3538808-001;SP;Piraju;3538808;ABREE;PEV fixo;Ativo;02/04/2019
2616209-000;PE;VERTENTES;2616209;ABREE;PEV fixo;Ativo;13/03/2019
4314498-000;RS;  Pinheirinho do Vale ;4314498;ABREE;PEV fixo;Ativo;19/01/2019
1721000-003;TO;Palmas;1721000;ABREE;PEV fixo;Ativo;11/09/2019
3532009-000;SP;Morungaba;3532009;Green Eletron;PEV fixo;Ativo;18/07/2019
2605806-002;PE;Frei Miguelinho;2605806;Green Eletron;PEV fixo;Ativo;04/07/2019
3550308-090;SP;São Paulo;3550308;Sistema individual;PEV fixo;Ativo;11/02/2019
3550308-098;SP;SÃO PAULO;3550308;Green Eletron;PEV fixo;Ativo;15/07/2019
3153301-000;MG;Presidente Kubitschek;3153301;ABREE;Campanha itinerante;Ativo;12/08/2019
5006275-000;MS;PARAÍSO DAS ÁGUAS;5006275;Green Eletron;PEV fixo;Ativo;17/05/2019
3134301-000;MG;  Itumirim ;3134301;ABREE;Ponto de consolidação;Ativo;08/11/2019
2805109-000;SE;PEDRINHAS;2805109;Green Eletron;PEV fixo;Ativo;02/01/2019
5200134-000;GO;Acreúna;5200134;Green Eletron;PEV fixo;Ativo;13/10/2019
4313904-000;RS;  Panambi ;4313904;ABREE;PEV fixo;Ativo;17/02/2019
2111300-001;MA;São Luís;2111300;Green Eletron;PEV fixo;Ativo;19/07/2019
4205407-020;SC;FLORIANÓPOLIS;4205407;Sistema individual;Campanha itinerante;Ativo;10/09/2019
5002951-000;MS;Chapadão do Sul;5002951;ABREE;PEV fixo;Ativo;21/09/2019
4304713-000;RS;Caraá;4304713;ABREE;Campanha itinerante;Ativo;01/06/2019
2304251-000;CE;Cruz;2304251;ABREE;Ponto de consolidação;Ativo;01/02/2019
1303304-000;AM;NOVO ARIPUANÃ;1303304;ABREE;PEV fixo;Ativo;23/07/2019
5107206-000;MT;Rio Branco;5107206;ABREE;PEV fixo;Ativo;17/12/2019
2514404-000;PB;  São José de Espinharas ;2514404;ABREE;PEV fixo;Ativo;14/04/2019
3538808-005;SP;Piraju;3538808;Sistema individual;PEV fixo;Ativo;04/10/2019
1200401-000;AC;Rio Branco;1200401;Green Eletron;PEV fixo;Ativo;21/07/2019
2304400-019;CE;Fortaleza;2304400;ABREE;Ponto de consolidação;Ativo;13/10/2019
2111300-000;MA;Sao Luis;2111300;Sistema individual;PEV fixo;Ativo;15/09/2019
2927408-028;BA;SALVADOR;2927408;Green Eletron;Ponto de consolidação;Ativo;16/04/2019
4119400-000;PR;Piraí do Sul;4119400;ABREE;PEV fixo;Ativo;19/11/2019
3161007-000;MG;São Domingos do Prata;3161007;Green Eletron;PEV fixo;Ativo;04/11/2019
4128534-000;PR;Ventania;4128534;Green Eletron;PEV fixo;Ativo;06/11/2019
2927408-008;BA;Salvador;2927408;Green Eletron;PEV fixo;Ativo;01/04/2019
2927408-029;BA;Salvador;2927408;ABREE;PEV fixo;Ativo;03/02/2019
3551306-000;SP;Sebastianópolis do Sul;3551306;ABREE;Campanha itinerante;Inativo;18/10/2019
3302403-000;RJ;MACAÉ;3302403;ABREE;PEV fixo;Ativo;04/08/2019
1101708-000;RO;URUPÁ;1101708;Green Eletron;PEV fixo;Ativo;07/12/2019
2800308-005;SE;Aracaju;2800308;Green Eletron;PEV fixo;Ativo;23/12/2019
2924058-000;BA;PÉ DE SERRA;2924058;Green Eletron;PEV fixo;Ativo;24/09/2019
2919504-000;BA;Livramento de Nossa Senhora;2919504;Green Eletron;PEV fixo;Ativo;09/06/2019
2910800-000;BA;FEIRA DE SANTANA;2910800;Green Eletron;PEV fixo;Ativo;27/11/2019
2920809-000;BA;Marcionilio Souza;2920809;Sistema individual;PEV fixo;Ativo;14/01/2019
3550308-080;SP;SÃO PAULO;3550308;ABREE;PEV fixo;Ativo;22/04/2019
3300951-000;RJ;Comendador Levy Gasparian;3300951;Sistema individual;Ponto de consolidação;Ativo;05/10/2019
3300258-000;RJ;Arraial do Cabo;3300258;ABREE;PEV fixo;Ativo;07/10/2019
4312203-000;RS;MAXIMILIANO DE ALMEIDA;4312203;Green Eletron;PEV fixo;Ativo;28/10/2019
3155207-000;MG;RIO ESPERA;3155207;ABREE;Ponto de consolidação;Ativo;18/07/2019
1501782-000;PA;BREU BRANCO;1501782;Green Eletron;PEV fixo;Ativo;17/06/2019
3550308-086;SP;SÃO PAULO;3550308;ABREE;PEV fixo;Ativo;07/06/2019
2701308-000;AL;Cajueiro;2701308;Green Eletron;Ponto de consolidação;Ativo;16/02/2019
1504406-000;PA;MARAPANIM;1504406;ABREE;PEV fixo;Ativo;27/02/2019
3133501-000;MG;Itapecerica;3133501;ABREE;PEV fixo;Ativo;15/11/2019
3305406-001;RJ;Sapucaia;3305406;Green Eletron;PEV fixo;Ativo;03/04/2019
2111102-000;MA;SÃO JOÃO DOS PATOS;2111102;ABREE;PEV fixo;Ativo;10/08/2019
4320206-000;RS;Seberi;4320206;Green Eletron;PEV fixo;Ativo;15/10/2019
2505238-000;PB;Cuité de Mamanguape;2505238;ABREE;PEV fixo;Ativo;25/10/2019
3135076-000;MG;  Jampruca ;3135076;ABREE;PEV fixo;Ativo;09/08/2019
3527702-000;SP;Luiziânia;3527702;Green Eletron;PEV fixo;Ativo;07/07/2019
3504503-000;SP;Avaré;3504503;Green Eletron;PEV fixo;Ativo;25/09/2019
2615102-001;PE;Terezinha;2615102;Green Eletron;PEV fixo;Ativo;14/07/2019
4108650-000;PR;Goioxim;4108650;Green Eletron;PEV fixo;Inativo;03/04/2019
3167905-000;MG;TABULEIRO;3167905;Green Eletron;PEV fixo;Ativo;27/01/2019
3538808-007;SP;Piraju;3538808;ABREE;PEV fixo;Ativo;11/03/2019
4204806-000;SC;Curitibanos;4204806;Green Eletron;PEV fixo;Ativo;20/10/2019
3546009-001;SP;Santa Branca;3546009;ABREE;PEV fixo;Ativo;18/12/2019
2927408-026;BA;  Salvador ;;Green Eletron;PEV fixo;Ativo;07/06/2019
2303907-000;CE;Chaval;2303907;Green Eletron;PEV fixo;Ativo;25/03/2019
3545506-000;SP;Sandovalina;3545506;Green Eletron;Campanha itinerante;Ativo;24/06/2019
2210052-000;PI;Sao Jose do Divino;2210052;ABREE;PEV fixo;Ativo;25/06/2019
3550308-012;SP;São Paulo;3550308;Green Eletron;PEV fixo;Ativo;01/03/2019
1300144-000;AM;Apuí;1300144;Green Eletron;Campanha itinerante;Ativo;19/12/2019
2100303-000;MA;Aldeias Altas;2100303;ABREE;Ponto de consolidação;Ativo;24/07/2019
4205407-017;SC;Florianópolis;4205407;Green Eletron;PEV fixo;Ativo;16/03/2019
5300108-025;DF;Brasília;5300108;Green Eletron;PEV fixo;Ativo;04/05/2019
3550308-016;SP;Sao Paulo;3550308;ABREE;PEV fixo;Ativo;21/09/2019
3550308-106;SP;São Paulo;3550308;ABREE;PEV fixo;Ativo;23/09/2019
4115457-000;PR;Marquinho;4115457;ABREE;PEV fixo;Ativo;18/01/2019
5208707-001;GO;Goiânia;5208707;ABREE;PEV fixo;Ativo;15/11/2019
4311429-000;RS;Lajeado do Bugre;4311429;Sistema individual;Campanha itinerante;Ativo;15/04/2019
3550308-024;SP;São Paulo;3550308;Green Eletron;PEV fixo;Ativo;06/07/2019
3161908-000;MG;São Gonçalo do Rio Abaixo;3161908;Green Eletron;PEV fixo;Ativo;21/08/2019
4205407-008;SC;Florianópolis;4205407;Green Eletron;PEV fixo;Ativo;01/11/2019
3168200-000;MG;Tapiraí;3168200;Green Eletron;PEV fixo;Ativo;03/05/2019
2303303-000;CE;CARIÚS;2303303;ABREE;Ponto de consolidação;Ativo;23/10/2019
5300108-008;DF;Brasilia;5300108;Sistema individual;PEV fixo;Ativo;10/12/2019
2304251-002;CE;CRUZ;2304251;ABREE;PEV fixo;Ativo;17/05/2019
3550308-072;SP;São Paulo;3550308;Green Eletron;PEV fixo;Ativo;12/09/2019
