uf,pontos_2021,pontos_2022,municipios_atendidos_2022,municipios_menos_80mil_2022,toneladas_2022
AC,13,13,4,2,"0,001"
AL,21,97,13,11,"271,63"
AM,36,41,8,4,"6,13"
AP,6,6,1,0,"0,02"
BA,134,533,85,62,"2,30"
CE,53,68,16,6,"3,77"
DF,55,65,1,,"33,32"
ES,108,133,54,44,"75,94"
GO,142,155,50,34,"176,69"
MA,51,228,67,55,"62,48"
MG,452,631,274,230,"64,02"
MS,69,77,24,19,"49,56"
MT,61,71,30,23,"5,23"
PA,65,95,34,17,"0,39"
PB,29,74,12,8,"95,51"
PE,64,91,27,10,"2,03"
PI,16,54,6,4,"96,40"
PR,195,206,70,43,"121,36"
RJ,290,285,55,24,"85,74"
RN,20,64,7,4,"43,10"
RO,38,39,15,10,"0,06"
RR,7,7,1,0,"0,04"
RS,347,674,165,140,"4.446,52"
SC,180,189,74,60,"845,55"
SE,39,46,20,15,"8,74"
SP,904,1033,247,158,"8.853,09"
TO,22,22,10,7,"0,41"
